{
  "uuid": "632700b3-1585-455a-81ec-d1e43b6de631",
  "starterPrompted": true,
  "starterLocked": false,
  "starterSelected": true,
  "starterUUID": "e3761394-6112-48ad-847b-45326174af33",
  "keyItems": [],
  "battleTheme": "cobblemon:battle.pvp.default",
  "extraData": {},
  "advancementData": {
    "totalCaptureCount": 2,
    "totalEggsHatched": 0,
    "totalEvolvedCount": 1,
    "totalBattleVictoryCount": 6,
    "totalPvPBattleVictoryCount": 0,
    "totalPvWBattleVictoryCount": 6,
    "totalPvNBattleVictoryCount": 0,
    "totalShinyCaptureCount": 0,
    "totalTradedCount": 0,
    "totalTypeCaptureCounts": {
      "fire": 1,
      "ghost": 1,
      "dark": 1
    },
    "totalDefeatedCounts": {
      "cobblemon:lechonk": 1,
      "cobblemon:darumaka": 2,
      "cobblemon:butterfree": 1,
      "cobblemon:oddish": 1
    },
    "aspectsCollected": {}
  }
}