{
  "uuid": "76e58fa9-0a33-4cd8-8cc0-110c6139842c",
  "starterPrompted": true,
  "starterLocked": false,
  "starterSelected": true,
  "starterUUID": "3f418d99-bd14-472a-b7b6-8587479a3c42",
  "keyItems": [],
  "battleTheme": "cobblemon:battle.pvp.default",
  "extraData": {},
  "advancementData": {
    "totalCaptureCount": 3,
    "totalEggsHatched": 0,
    "totalEvolvedCount": 0,
    "totalBattleVictoryCount": 11,
    "totalPvPBattleVictoryCount": 0,
    "totalPvWBattleVictoryCount": 11,
    "totalPvNBattleVictoryCount": 0,
    "totalShinyCaptureCount": 0,
    "totalTradedCount": 0,
    "totalTypeCaptureCounts": {
      "ghost": 2,
      "grass": 1,
      "steel": 2,
      "fairy": 1
    },
    "totalDefeatedCounts": {
      "cobblemon:caterpie": 1,
      "cobblemon:mankey": 2,
      "cobblemon:gimmighoul": 1,
      "cobblemon:venipede": 1,
      "cobblemon:ditto": 1,
      "cobblemon:exeggcute": 1,
      "cobblemon:tangela": 1
    },
    "aspectsCollected": {}
  }
}