{
  "uuid": "7d62cbbe-3b40-477b-b5de-08506580a2f7",
  "starterPrompted": true,
  "starterLocked": false,
  "starterSelected": true,
  "starterUUID": "ec944605-9f44-4c8f-bade-092e61209e8d",
  "keyItems": [],
  "battleTheme": "cobblemon:battle.pvp.default",
  "extraData": {},
  "advancementData": {
    "totalCaptureCount": 5,
    "totalEggsHatched": 0,
    "totalEvolvedCount": 0,
    "totalBattleVictoryCount": 6,
    "totalPvPBattleVictoryCount": 1,
    "totalPvWBattleVictoryCount": 5,
    "totalPvNBattleVictoryCount": 0,
    "totalShinyCaptureCount": 0,
    "totalTradedCount": 0,
    "totalTypeCaptureCounts": {
      "fighting": 2,
      "grass": 2,
      "bug": 1,
      "poison": 1
    },
    "totalDefeatedCounts": {
      "cobblemon:bellsprout": 1
    },
    "aspectsCollected": {}
  }
}