{
  "uuid": "467c6c80-ea1c-3a3c-aae0-8ab36a1598c0",
  "starterPrompted": true,
  "starterLocked": false,
  "starterSelected": true,
  "starterUUID": "918e0cc6-fb0d-4359-922e-160442374e08",
  "keyItems": [],
  "battleTheme": "cobblemon:battle.pvp.default",
  "extraData": {},
  "advancementData": {
    "totalCaptureCount": 5,
    "totalEggsHatched": 0,
    "totalEvolvedCount": 0,
    "totalBattleVictoryCount": 19,
    "totalPvPBattleVictoryCount": 0,
    "totalPvWBattleVictoryCount": 19,
    "totalPvNBattleVictoryCount": 0,
    "totalShinyCaptureCount": 0,
    "totalTradedCount": 1,
    "totalTypeCaptureCounts": {
      "normal": 1,
      "flying": 2,
      "psychic": 1,
      "grass": 1,
      "bug": 2,
      "water": 1
    },
    "totalDefeatedCounts": {
      "cobblemon:gimmighoul": 1,
      "cobblemon:weedle": 1,
      "cobblemon:krabby": 6,
      "cobblemon:petilil": 1,
      "cobblemon:wimpod": 1,
      "cobblemon:sentret": 1,
      "cobblemon:kingler": 1,
      "cobblemon:wingull": 1,
      "cobblemon:crabrawler": 1,
      "cobblemon:seedot": 1,
      "cobblemon:zigzagoon": 1
    },
    "aspectsCollected": {}
  }
}