{
  "uuid": "04cf9620-d8bd-3f5d-b272-aad8378e8077",
  "starterPrompted": true,
  "starterLocked": false,
  "starterSelected": true,
  "starterUUID": "00eeba08-33c9-496d-b29e-138ebb29ecad",
  "keyItems": [],
  "battleTheme": "cobblemon:battle.pvp.default",
  "extraData": {},
  "advancementData": {
    "totalCaptureCount": 13,
    "totalEggsHatched": 0,
    "totalEvolvedCount": 2,
    "totalBattleVictoryCount": 26,
    "totalPvPBattleVictoryCount": 1,
    "totalPvWBattleVictoryCount": 25,
    "totalPvNBattleVictoryCount": 0,
    "totalShinyCaptureCount": 0,
    "totalTradedCount": 0,
    "totalTypeCaptureCounts": {
      "normal": 2,
      "flying": 1,
      "ghost": 6,
      "poison": 6,
      "water": 2,
      "fire": 1,
      "bug": 1,
      "fairy": 1,
      "steel": 1
    },
    "totalDefeatedCounts": {
      "cobblemon:mankey": 1,
      "cobblemon:tangela": 1,
      "cobblemon:exeggcute": 1,
      "cobblemon:heracross": 1,
      "cobblemon:honedge": 1,
      "cobblemon:darumaka": 1,
      "cobblemon:aipom": 1,
      "cobblemon:tinkatink": 1,
      "cobblemon:bellsprout": 1,
      "cobblemon:geodude": 1,
      "cobblemon:fomantis": 1,
      "cobblemon:squawkabilly": 1,
      "cobblemon:sentret": 1
    },
    "aspectsCollected": {}
  }
}