{
  "uuid": "04cf9620-d8bd-3f5d-b272-aad8378e8077",
  "starterPrompted": true,
  "starterLocked": false,
  "starterSelected": true,
  "starterUUID": "00eeba08-33c9-496d-b29e-138ebb29ecad",
  "keyItems": [],
  "battleTheme": "cobblemon:battle.pvp.default",
  "extraData": {},
  "advancementData": {
    "totalCaptureCount": 12,
    "totalEggsHatched": 0,
    "totalEvolvedCount": 0,
    "totalBattleVictoryCount": 13,
    "totalPvPBattleVictoryCount": 1,
    "totalPvWBattleVictoryCount": 12,
    "totalPvNBattleVictoryCount": 0,
    "totalShinyCaptureCount": 0,
    "totalTradedCount": 0,
    "totalTypeCaptureCounts": {
      "normal": 1,
      "flying": 1,
      "ghost": 6,
      "poison": 6,
      "water": 2,
      "fire": 1,
      "bug": 1,
      "fairy": 1,
      "steel": 1
    },
    "totalDefeatedCounts": {
      "cobblemon:mankey": 1
    },
    "aspectsCollected": {}
  }
}