{
  "uuid": "cc2354c5-365c-34d4-86c3-46de1a4d3aad",
  "starterPrompted": true,
  "starterLocked": false,
  "starterSelected": true,
  "starterUUID": "f44f84c3-b352-4042-a110-8b2e76439dca",
  "keyItems": [],
  "battleTheme": "cobblemon:battle.pvp.default",
  "extraData": {},
  "advancementData": {
    "totalCaptureCount": 11,
    "totalEggsHatched": 0,
    "totalEvolvedCount": 6,
    "totalBattleVictoryCount": 78,
    "totalPvPBattleVictoryCount": 2,
    "totalPvWBattleVictoryCount": 76,
    "totalPvNBattleVictoryCount": 0,
    "totalShinyCaptureCount": 0,
    "totalTradedCount": 6,
    "totalTypeCaptureCounts": {
      "fire": 2,
      "grass": 2,
      "poison": 1,
      "water": 6,
      "dragon": 1,
      "dark": 1,
      "fairy": 1
    },
    "totalDefeatedCounts": {
      "cobblemon:darumaka": 1,
      "cobblemon:aipom": 4,
      "cobblemon:mankey": 3,
      "cobblemon:metapod": 1,
      "cobblemon:butterfree": 1,
      "cobblemon:chatot": 3,
      "cobblemon:zigzagoon": 2,
      "cobblemon:combee": 1,
      "cobblemon:spinda": 1,
      "cobblemon:bidoof": 2,
      "cobblemon:carnivine": 1,
      "cobblemon:lechonk": 1,
      "cobblemon:corvisquire": 1,
      "cobblemon:geodude": 4,
      "cobblemon:vespiquen": 1,
      "cobblemon:deerling": 1,
      "cobblemon:crabrawler": 4,
      "cobblemon:patrat": 1,
      "cobblemon:slowpoke": 1,
      "cobblemon:krabby": 2,
      "cobblemon:ponyta": 1,
      "cobblemon:tangela": 1,
      "cobblemon:gimmighoul": 4,
      "cobblemon:morelull": 1,
      "cobblemon:gastly": 1,
      "cobblemon:murkrow": 3,
      "cobblemon:zubat": 4,
      "cobblemon:wooper": 1,
      "cobblemon:ferroseed": 3,
      "cobblemon:ferrothorn": 1,
      "cobblemon:paras": 1,
      "cobblemon:rattata": 1,
      "cobblemon:seedot": 1,
      "cobblemon:misdreavus": 1,
      "cobblemon:buneary": 1,
      "cobblemon:bunnelby": 1,
      "cobblemon:slugma": 1,
      "cobblemon:magikarp": 1,
      "cobblemon:torkoal": 1,
      "cobblemon:lapras": 1,
      "cobblemon:golisopod": 2,
      "cobblemon:kingler": 2,
      "cobblemon:linoone": 1,
      "cobblemon:golbat": 1
    },
    "aspectsCollected": {}
  }
}