{
  "uuid": "cc2354c5-365c-34d4-86c3-46de1a4d3aad",
  "starterPrompted": true,
  "starterLocked": false,
  "starterSelected": true,
  "starterUUID": "f44f84c3-b352-4042-a110-8b2e76439dca",
  "keyItems": [],
  "battleTheme": "cobblemon:battle.pvp.default",
  "extraData": {},
  "advancementData": {
    "totalCaptureCount": 8,
    "totalEggsHatched": 0,
    "totalEvolvedCount": 2,
    "totalBattleVictoryCount": 34,
    "totalPvPBattleVictoryCount": 2,
    "totalPvWBattleVictoryCount": 32,
    "totalPvNBattleVictoryCount": 0,
    "totalShinyCaptureCount": 0,
    "totalTradedCount": 1,
    "totalTypeCaptureCounts": {
      "fire": 1,
      "grass": 1,
      "poison": 1,
      "water": 6
    },
    "totalDefeatedCounts": {
      "cobblemon:darumaka": 1,
      "cobblemon:aipom": 4,
      "cobblemon:mankey": 3,
      "cobblemon:metapod": 1,
      "cobblemon:butterfree": 1,
      "cobblemon:chatot": 3,
      "cobblemon:zigzagoon": 2,
      "cobblemon:combee": 1,
      "cobblemon:spinda": 1,
      "cobblemon:bidoof": 2,
      "cobblemon:carnivine": 1,
      "cobblemon:lechonk": 1,
      "cobblemon:corvisquire": 1,
      "cobblemon:geodude": 1,
      "cobblemon:vespiquen": 1,
      "cobblemon:deerling": 1,
      "cobblemon:crabrawler": 2,
      "cobblemon:patrat": 1,
      "cobblemon:slowpoke": 1,
      "cobblemon:krabby": 1,
      "cobblemon:ponyta": 1
    },
    "aspectsCollected": {}
  }
}