{"stats":{"minecraft:crafted":{"minecraft:oak_planks":24,"minecraft:cooked_chicken":6,"cobblemon:apricorn_planks":48,"minecraft:furnace":4,"minecraft:stone":227,"minecraft:bone_meal":6,"minecraft:cooked_mutton":11,"minecraft:glass":4,"minecraft:iron_axe":2,"minecraft:chest":1,"minecraft:honey_block":1,"minecraft:cooked_beef":12,"minecraft:glass_bottle":9,"minecraft:cooked_porkchop":16,"minecraft:crafting_table":2,"minecraft:iron_sword":1,"minecraft:bucket":1,"minecraft:campfire":5,"minecraft:air":0,"minecraft:jungle_planks":24,"minecraft:shield":1,"minecraft:stick":28,"minecraft:iron_ingot":44,"minecraft:iron_pickaxe":3,"minecraft:torch":28,"minecraft:shears":2},"minecraft:used":{"minecraft:moss_carpet":3,"minecraft:jungle_leaves":9,"minecraft:iron_shovel":1,"minecraft:chest":4,"minecraft:shield":3,"minecraft:stone":1,"minecraft:iron_sword":221,"minecraft:cooked_chicken":1,"minecraft:iron_chestplate":1,"minecraft:torch":40,"minecraft:dirt":87,"minecraft:honey_block":3,"minecraft:iron_axe":403,"minecraft:jungle_log":2,"cobblemon:apricorn_planks":76,"cobblemon:pink_apricorn_seed":2,"minecraft:iron_helmet":1,"minecraft:iron_boots":1,"cobblemon:apricorn_fence":25,"minecraft:honeycomb_block":13,"minecraft:furnace":6,"minecraft:cooked_beef":24,"minecraft:iron_leggings":1,"minecraft:cooked_mutton":2,"minecraft:water_bucket":2,"minecraft:glass_bottle":11,"minecraft:sand":5,"minecraft:vine":14,"minecraft:crafting_table":2,"cobblemon:white_apricorn_seed":1,"minecraft:campfire":5,"minecraft:shears":394,"minecraft:oak_log":1,"cobblemon:apricorn_leaves":63,"minecraft:apple":2,"minecraft:diamond_shovel":46,"cobblemon:apricorn_log":39,"cobblemon:apricorn_slab":3,"minecraft:string":3,"minecraft:iron_pickaxe":801,"minecraft:cobblestone":25,"travelersbackpack:standard":6,"minecraft:cooked_porkchop":2,"minecraft:bucket":3,"minecraft:bone_meal":19,"cobblemon:blue_apricorn_seed":9},"minecraft:picked_up":{"minecraft:charcoal":2,"minecraft:crafting_table":1,"minecraft:chicken":6,"minecraft:string":91,"minecraft:raw_copper":77,"cobblemon:white_apricorn":10,"minecraft:cobbled_deepslate":3,"cobblemon:green_apricorn":16,"cobblemon:white_apricorn_seed":1,"minecraft:beef":12,"cobblemon:oran_berry":89,"minecraft:iron_nugget":1,"minecraft:poppy":4,"minecraft:chest":2,"cobblemon:green_apricorn_seed":1,"minecraft:furnace":4,"minecraft:egg":2,"minecraft:stick":9,"minecraft:raw_iron":109,"cobblemon:apricorn_log":81,"minecraft:torch":17,"minecraft:porkchop":16,"minecraft:honeycomb_block":5,"minecraft:pointed_dripstone":12,"minecraft:diorite":12,"minecraft:carrot":1,"minecraft:vine":89,"minecraft:redstone":39,"minecraft:arrow":14,"minecraft:rotten_flesh":35,"cobblemon:apricorn_fence":25,"minecraft:mutton":13,"cobblemon:blue_apricorn":27,"minecraft:white_wool":9,"minecraft:cobblestone":286,"minecraft:birch_leaves":1,"minecraft:feather":5,"minecraft:jungle_log":68,"minecraft:andesite":10,"minecraft:leather":4,"minecraft:oak_log":24,"minecraft:gunpowder":2,"minecraft:lapis_lazuli":26,"minecraft:dirt":45,"cobblemon:pink_apricorn_seed":5,"minecraft:glass":4,"minecraft:bone":16,"cobblemon:apricorn_slab":1,"minecraft:bow":2,"minecraft:wheat_seeds":19,"cobblemon:black_apricorn":3,"minecraft:raw_gold":4,"minecraft:iron_ingot":1,"cobblemon:thunder_stone":1,"minecraft:mossy_stone_bricks":1,"minecraft:bamboo":8,"minecraft:moss_block":1,"minecraft:honeycomb":3,"cobblemon:apricorn_planks":3,"cobblemon:blue_apricorn_seed":4,"minecraft:dripstone_block":6,"minecraft:gravel":1,"minecraft:sand":5,"cobblemon:pink_apricorn":32,"minecraft:spider_eye":2,"minecraft:jungle_leaves":49,"cobblemon:poke_ball":2,"minecraft:honey_block":1,"minecraft:granite":14,"minecraft:grass":1,"minecraft:gray_wool":1,"minecraft:oak_sapling":7,"cobblemon:apricorn_leaves":224,"minecraft:coal":286,"minecraft:oak_leaves":9},"minecraft:custom":{"minecraft:mob_kills":95,"minecraft:animals_bred":2,"minecraft:interact_with_crafting_table":29,"minecraft:leave_game":4,"minecraft:time_since_death":230243,"minecraft:climb_one_cm":56931,"minecraft:sprint_one_cm":500765,"minecraft:walk_one_cm":756041,"minecraft:damage_blocked_by_shield":70,"minecraft:drop":13,"minecraft:play_time":230243,"minecraft:sneak_time":6715,"minecraft:walk_under_water_one_cm":4616,"minecraft:jump":2847,"minecraft:walk_on_water_one_cm":21336,"minecraft:total_world_time":230243,"minecraft:interact_with_furnace":67,"minecraft:sleep_in_bed":4,"minecraft:time_since_rest":31099,"minecraft:damage_taken":1599,"minecraft:damage_dealt":14717,"minecraft:swim_one_cm":27196,"minecraft:fly_one_cm":349101,"minecraft:open_chest":122,"minecraft:crouch_one_cm":19410,"minecraft:fall_one_cm":64004},"minecraft:broken":{"minecraft:shears":1,"minecraft:iron_axe":2,"minecraft:iron_sword":1,"minecraft:iron_pickaxe":3},"minecraft:killed":{"minecraft:cave_spider":1,"minecraft:spider":9,"minecraft:slime":1,"minecraft:skeleton":12,"minecraft:horse":1,"minecraft:chicken":3,"minecraft:pig":8,"cobblemon:pokemon":7,"minecraft:zombie_villager":1,"minecraft:creeper":2,"minecraft:sheep":10,"minecraft:zombie":31,"minecraft:cow":6},"minecraft:mined":{"minecraft:jungle_leaves":60,"cobblemon:apricorn_log":81,"minecraft:granite":18,"cobblemon:pink_apricorn":1,"minecraft:grass_block":20,"minecraft:jungle_log":68,"minecraft:moss_block":1,"minecraft:spawner":2,"minecraft:redstone_ore":8,"minecraft:furnace":4,"minecraft:iron_ore":66,"minecraft:andesite":10,"minecraft:deepslate_lapis_ore":1,"minecraft:pointed_dripstone":5,"minecraft:vine":128,"minecraft:deepslate_iron_ore":44,"minecraft:flowering_azalea_leaves":1,"minecraft:bamboo":1,"minecraft:stone":287,"cobblemon:apricorn_slab":1,"minecraft:tripwire":3,"minecraft:deepslate_redstone_ore":1,"cobblemon:apricorn_fence":25,"minecraft:crafting_table":2,"cobblemon:apricorn_planks":3,"minecraft:torch":8,"cobblemon:apricorn_leaves":291,"minecraft:honey_block":1,"minecraft:poppy":4,"minecraft:chest":2,"minecraft:campfire":1,"minecraft:deepslate_coal_ore":2,"minecraft:copper_ore":10,"minecraft:tall_grass":14,"minecraft:cobblestone":2,"minecraft:honeycomb_block":5,"minecraft:deepslate_gold_ore":4,"minecraft:lapis_ore":4,"cobblemon:oran_berry":1,"minecraft:diorite":18,"minecraft:wall_torch":9,"minecraft:deepslate_copper_ore":15,"minecraft:birch_leaves":1,"minecraft:grass":106,"minecraft:oak_log":24,"minecraft:coal_ore":229,"minecraft:gravel":1,"cobblemon:thunder_stone_ore":1,"minecraft:dripstone_block":6,"minecraft:sand":5,"minecraft:dirt":26,"minecraft:cobweb":43,"cobblemon:blue_apricorn_sapling":1,"minecraft:mossy_stone_bricks":1,"minecraft:fern":39,"minecraft:oak_leaves":17,"minecraft:deepslate":32},"minecraft:dropped":{"minecraft:birch_leaves":1,"minecraft:granite":13,"minecraft:stick":1,"minecraft:diorite":10,"cobblemon:poke_ball":1,"minecraft:white_wool":2,"minecraft:cobbled_deepslate":3,"minecraft:pointed_dripstone":6,"minecraft:andesite":2,"minecraft:oak_sapling":3,"minecraft:oak_leaves":8}},"DataVersion":3465}