{"stats":{"minecraft:dropped":{"minecraft:birch_leaves":1,"minecraft:granite":13,"minecraft:stick":1,"minecraft:diorite":10,"cobblemon:poke_ball":1,"minecraft:white_wool":2,"minecraft:cobbled_deepslate":3,"minecraft:pointed_dripstone":6,"minecraft:andesite":2,"minecraft:oak_sapling":3,"minecraft:oak_leaves":8},"minecraft:crafted":{"minecraft:oak_planks":24,"minecraft:cooked_chicken":6,"cobblemon:apricorn_planks":48,"minecraft:furnace":4,"minecraft:stone":227,"minecraft:bone_meal":6,"minecraft:cooked_mutton":11,"minecraft:glass":4,"minecraft:iron_axe":1,"minecraft:honey_block":1,"minecraft:cooked_beef":12,"minecraft:glass_bottle":6,"minecraft:cooked_porkchop":16,"minecraft:crafting_table":2,"minecraft:campfire":5,"minecraft:bucket":1,"minecraft:air":0,"minecraft:stick":20,"minecraft:iron_ingot":44,"minecraft:iron_pickaxe":2,"minecraft:torch":4,"minecraft:shears":2},"minecraft:used":{"minecraft:moss_carpet":3,"minecraft:jungle_leaves":9,"minecraft:iron_shovel":1,"minecraft:chest":3,"minecraft:stone":1,"minecraft:iron_sword":209,"minecraft:cooked_chicken":1,"minecraft:iron_chestplate":1,"minecraft:torch":20,"minecraft:dirt":63,"minecraft:honey_block":3,"minecraft:iron_axe":326,"minecraft:jungle_log":2,"minecraft:iron_helmet":1,"cobblemon:pink_apricorn_seed":2,"cobblemon:apricorn_planks":76,"minecraft:iron_boots":1,"cobblemon:apricorn_fence":25,"minecraft:honeycomb_block":13,"minecraft:furnace":6,"minecraft:cooked_beef":19,"minecraft:iron_leggings":1,"minecraft:cooked_mutton":2,"minecraft:water_bucket":2,"minecraft:glass_bottle":4,"minecraft:sand":5,"minecraft:vine":14,"minecraft:crafting_table":2,"minecraft:campfire":5,"cobblemon:white_apricorn_seed":1,"minecraft:shears":393,"minecraft:oak_log":1,"cobblemon:apricorn_leaves":63,"minecraft:apple":2,"minecraft:diamond_shovel":46,"cobblemon:apricorn_log":39,"cobblemon:apricorn_slab":3,"minecraft:string":3,"minecraft:iron_pickaxe":726,"minecraft:cobblestone":25,"travelersbackpack:standard":6,"minecraft:cooked_porkchop":2,"minecraft:bucket":3,"cobblemon:blue_apricorn_seed":9,"minecraft:bone_meal":12},"minecraft:broken":{"minecraft:shears":1,"minecraft:iron_axe":1,"minecraft:iron_sword":1,"minecraft:iron_pickaxe":2},"minecraft:picked_up":{"minecraft:charcoal":2,"minecraft:crafting_table":1,"minecraft:chicken":6,"minecraft:string":90,"minecraft:raw_copper":46,"cobblemon:white_apricorn":10,"minecraft:cobbled_deepslate":3,"cobblemon:green_apricorn":16,"cobblemon:white_apricorn_seed":1,"minecraft:beef":12,"cobblemon:oran_berry":88,"minecraft:iron_nugget":1,"minecraft:poppy":4,"minecraft:chest":2,"cobblemon:green_apricorn_seed":1,"minecraft:egg":2,"minecraft:furnace":4,"minecraft:stick":9,"minecraft:raw_iron":103,"cobblemon:apricorn_log":81,"minecraft:torch":15,"minecraft:porkchop":16,"minecraft:honeycomb_block":5,"minecraft:pointed_dripstone":12,"minecraft:diorite":11,"minecraft:carrot":1,"minecraft:vine":89,"minecraft:redstone":39,"minecraft:arrow":10,"minecraft:rotten_flesh":29,"cobblemon:apricorn_fence":25,"minecraft:mutton":13,"cobblemon:blue_apricorn":27,"minecraft:white_wool":9,"minecraft:cobblestone":277,"minecraft:birch_leaves":1,"minecraft:feather":5,"minecraft:jungle_log":19,"minecraft:andesite":6,"minecraft:leather":4,"minecraft:oak_log":24,"minecraft:gunpowder":2,"minecraft:lapis_lazuli":26,"minecraft:dirt":41,"cobblemon:pink_apricorn_seed":5,"minecraft:glass":4,"minecraft:bone":10,"cobblemon:apricorn_slab":1,"minecraft:bow":1,"cobblemon:black_apricorn":3,"minecraft:wheat_seeds":18,"minecraft:raw_gold":4,"minecraft:iron_ingot":1,"cobblemon:thunder_stone":1,"minecraft:mossy_stone_bricks":1,"minecraft:moss_block":1,"cobblemon:apricorn_planks":3,"cobblemon:blue_apricorn_seed":4,"minecraft:dripstone_block":6,"minecraft:sand":5,"cobblemon:pink_apricorn":32,"minecraft:spider_eye":1,"minecraft:jungle_leaves":49,"cobblemon:poke_ball":2,"minecraft:honey_block":1,"minecraft:granite":14,"minecraft:grass":1,"minecraft:gray_wool":1,"minecraft:oak_sapling":7,"minecraft:oak_leaves":9,"cobblemon:apricorn_leaves":224,"minecraft:coal":244},"minecraft:mined":{"minecraft:jungle_leaves":59,"cobblemon:apricorn_log":81,"minecraft:granite":18,"cobblemon:pink_apricorn":1,"minecraft:grass_block":18,"minecraft:jungle_log":19,"minecraft:moss_block":1,"minecraft:spawner":2,"minecraft:redstone_ore":8,"minecraft:furnace":4,"minecraft:iron_ore":60,"minecraft:andesite":6,"minecraft:deepslate_lapis_ore":1,"minecraft:pointed_dripstone":5,"minecraft:flowering_azalea_leaves":1,"minecraft:vine":116,"minecraft:deepslate_iron_ore":44,"minecraft:stone":278,"cobblemon:apricorn_slab":1,"minecraft:tripwire":3,"minecraft:deepslate_redstone_ore":1,"cobblemon:apricorn_fence":25,"cobblemon:apricorn_planks":3,"minecraft:crafting_table":2,"minecraft:torch":8,"cobblemon:apricorn_leaves":291,"minecraft:honey_block":1,"minecraft:poppy":4,"minecraft:chest":2,"minecraft:campfire":1,"minecraft:copper_ore":3,"minecraft:tall_grass":14,"minecraft:cobblestone":2,"minecraft:honeycomb_block":5,"minecraft:deepslate_coal_ore":2,"minecraft:deepslate_gold_ore":4,"minecraft:lapis_ore":4,"cobblemon:oran_berry":1,"minecraft:diorite":17,"minecraft:wall_torch":7,"minecraft:deepslate_copper_ore":12,"minecraft:birch_leaves":1,"minecraft:grass":103,"minecraft:oak_log":24,"minecraft:coal_ore":187,"cobblemon:thunder_stone_ore":1,"minecraft:sand":5,"minecraft:dripstone_block":6,"minecraft:dirt":23,"minecraft:cobweb":43,"cobblemon:blue_apricorn_sapling":1,"minecraft:mossy_stone_bricks":1,"minecraft:oak_leaves":17,"minecraft:deepslate":32,"minecraft:fern":39},"minecraft:custom":{"minecraft:mob_kills":84,"minecraft:animals_bred":2,"minecraft:interact_with_crafting_table":23,"minecraft:leave_game":3,"minecraft:time_since_death":196004,"minecraft:climb_one_cm":47682,"minecraft:sprint_one_cm":420149,"minecraft:walk_one_cm":656611,"minecraft:drop":13,"minecraft:play_time":196004,"minecraft:sneak_time":6295,"minecraft:walk_under_water_one_cm":4259,"minecraft:jump":2321,"minecraft:walk_on_water_one_cm":18081,"minecraft:total_world_time":196004,"minecraft:interact_with_furnace":67,"minecraft:sleep_in_bed":3,"minecraft:time_since_rest":49728,"minecraft:damage_taken":1377,"minecraft:damage_dealt":12555,"minecraft:swim_one_cm":18958,"minecraft:fly_one_cm":276566,"minecraft:open_chest":102,"minecraft:crouch_one_cm":18166,"minecraft:fall_one_cm":52493},"minecraft:killed":{"minecraft:cave_spider":1,"minecraft:spider":8,"minecraft:slime":1,"minecraft:horse":1,"minecraft:skeleton":7,"minecraft:chicken":3,"minecraft:pig":8,"cobblemon:pokemon":7,"minecraft:creeper":1,"minecraft:sheep":10,"minecraft:zombie":28,"minecraft:cow":6}},"DataVersion":3465}