{"stats":{"minecraft:used":{"minecraft:water_bucket":2,"minecraft:iron_shovel":1,"minecraft:chest":1,"minecraft:iron_sword":209,"minecraft:iron_chestplate":1,"minecraft:torch":11,"minecraft:crafting_table":1,"minecraft:shears":218,"minecraft:oak_log":1,"minecraft:honey_block":1,"minecraft:iron_axe":103,"minecraft:iron_pickaxe":660,"minecraft:jungle_log":2,"minecraft:iron_helmet":1,"cobblemon:pink_apricorn_seed":2,"minecraft:iron_boots":1,"minecraft:honeycomb_block":2,"minecraft:cobblestone":25,"minecraft:furnace":6,"minecraft:bucket":3,"minecraft:cooked_beef":15,"minecraft:iron_leggings":1,"minecraft:bone_meal":6},"minecraft:dropped":{"minecraft:birch_leaves":1,"minecraft:cobbled_deepslate":3,"minecraft:pointed_dripstone":6,"minecraft:granite":13,"minecraft:stick":1,"minecraft:diorite":10,"minecraft:andesite":2,"cobblemon:poke_ball":1,"minecraft:oak_sapling":3,"minecraft:white_wool":2,"minecraft:oak_leaves":8},"minecraft:custom":{"minecraft:interact_with_furnace":40,"minecraft:mob_kills":51,"minecraft:interact_with_crafting_table":12,"minecraft:leave_game":2,"minecraft:time_since_death":78334,"minecraft:sleep_in_bed":1,"minecraft:climb_one_cm":7680,"minecraft:time_since_rest":52054,"minecraft:sprint_one_cm":249361,"minecraft:damage_taken":961,"minecraft:walk_one_cm":218327,"minecraft:drop":13,"minecraft:damage_dealt":8513,"minecraft:swim_one_cm":13244,"minecraft:fly_one_cm":147720,"minecraft:open_chest":46,"minecraft:crouch_one_cm":963,"minecraft:play_time":78334,"minecraft:sneak_time":804,"minecraft:walk_under_water_one_cm":3794,"minecraft:jump":1225,"minecraft:walk_on_water_one_cm":16895,"minecraft:total_world_time":78334,"minecraft:fall_one_cm":26860},"minecraft:crafted":{"minecraft:oak_planks":20,"minecraft:crafting_table":1,"minecraft:furnace":4,"minecraft:bucket":1,"minecraft:bone_meal":6,"minecraft:air":0,"minecraft:stick":4,"minecraft:iron_ingot":44,"minecraft:iron_pickaxe":2,"minecraft:torch":4,"minecraft:shears":1},"minecraft:mined":{"minecraft:deepslate_redstone_ore":1,"minecraft:jungle_leaves":49,"cobblemon:apricorn_log":10,"minecraft:crafting_table":1,"minecraft:torch":4,"cobblemon:apricorn_leaves":147,"minecraft:granite":18,"cobblemon:pink_apricorn":1,"minecraft:poppy":1,"minecraft:chest":1,"minecraft:jungle_log":19,"minecraft:copper_ore":3,"minecraft:cobblestone":2,"minecraft:tall_grass":1,"minecraft:honeycomb_block":2,"minecraft:deepslate_coal_ore":2,"minecraft:deepslate_gold_ore":4,"minecraft:lapis_ore":4,"cobblemon:oran_berry":1,"minecraft:diorite":17,"minecraft:wall_torch":3,"minecraft:deepslate_copper_ore":12,"minecraft:spawner":2,"minecraft:redstone_ore":8,"minecraft:furnace":4,"minecraft:iron_ore":60,"minecraft:birch_leaves":1,"minecraft:andesite":6,"minecraft:deepslate_lapis_ore":1,"minecraft:grass":25,"minecraft:coal_ore":150,"minecraft:pointed_dripstone":5,"minecraft:oak_log":23,"minecraft:deepslate_iron_ore":44,"minecraft:vine":22,"cobblemon:thunder_stone_ore":1,"minecraft:dripstone_block":6,"minecraft:cobweb":43,"minecraft:deepslate":32,"minecraft:stone":274,"minecraft:oak_leaves":13,"minecraft:fern":5},"minecraft:broken":{"minecraft:iron_sword":1,"minecraft:iron_pickaxe":2},"minecraft:picked_up":{"minecraft:birch_leaves":1,"minecraft:andesite":6,"minecraft:jungle_log":19,"minecraft:oak_log":23,"minecraft:gunpowder":2,"minecraft:lapis_lazuli":26,"minecraft:string":51,"minecraft:raw_copper":46,"cobblemon:pink_apricorn_seed":2,"minecraft:bone":10,"minecraft:bow":1,"minecraft:wheat_seeds":3,"minecraft:raw_gold":4,"minecraft:cobbled_deepslate":3,"cobblemon:green_apricorn":7,"minecraft:iron_ingot":1,"cobblemon:oran_berry":27,"cobblemon:thunder_stone":1,"minecraft:poppy":1,"minecraft:chest":1,"minecraft:furnace":4,"minecraft:raw_iron":103,"minecraft:stick":4,"cobblemon:apricorn_log":10,"minecraft:torch":7,"cobblemon:blue_apricorn_seed":1,"minecraft:dripstone_block":6,"minecraft:honeycomb_block":2,"minecraft:pointed_dripstone":12,"cobblemon:pink_apricorn":10,"minecraft:diorite":11,"minecraft:carrot":1,"minecraft:vine":18,"minecraft:redstone":39,"minecraft:spider_eye":1,"minecraft:jungle_leaves":41,"minecraft:arrow":10,"minecraft:rotten_flesh":27,"cobblemon:poke_ball":2,"minecraft:granite":14,"minecraft:grass":1,"cobblemon:blue_apricorn":6,"minecraft:mutton":2,"minecraft:oak_sapling":7,"cobblemon:apricorn_leaves":133,"minecraft:coal":207,"minecraft:oak_leaves":9,"minecraft:white_wool":2,"minecraft:cobblestone":274},"minecraft:killed":{"minecraft:cave_spider":1,"minecraft:spider":8,"minecraft:slime":1,"minecraft:creeper":1,"minecraft:sheep":2,"minecraft:skeleton":7,"minecraft:zombie":28}},"DataVersion":3465}