{"stats":{"minecraft:used":{"minecraft:iron_shovel":3,"minecraft:melon_slice":2,"minecraft:iron_helmet":1,"minecraft:iron_sword":6,"minecraft:iron_boots":1,"minecraft:iron_chestplate":1,"minecraft:dirt":1,"minecraft:cooked_beef":3,"minecraft:iron_leggings":1},"minecraft:dropped":{"minecraft:cobbled_deepslate":28},"minecraft:crafted":{"minecraft:stone":64,"minecraft:air":0},"minecraft:custom":{"minecraft:time_since_rest":6960,"minecraft:interact_with_furnace":10,"minecraft:sprint_one_cm":54429,"minecraft:damage_taken":232,"minecraft:walk_one_cm":53462,"minecraft:mob_kills":3,"minecraft:drop":1,"minecraft:damage_dealt":300,"minecraft:talked_to_villager":1,"minecraft:fly_one_cm":48321,"minecraft:open_chest":58,"minecraft:crouch_one_cm":357,"minecraft:play_time":21930,"minecraft:sneak_time":124,"minecraft:jump":436,"minecraft:leave_game":2,"minecraft:time_since_death":21930,"minecraft:sleep_in_bed":1,"minecraft:climb_one_cm":6915,"minecraft:total_world_time":21930,"minecraft:fall_one_cm":13769},"minecraft:mined":{"minecraft:grass":1,"minecraft:grass_block":3},"minecraft:killed":{"minecraft:bee":1,"minecraft:chicken":1,"minecraft:spider":1},"minecraft:picked_up":{"minecraft:feather":2,"minecraft:iron_chestplate":4,"cobblemon:apricorn_log":128,"minecraft:cooked_beef":128,"minecraft:chicken":1,"minecraft:lead":1,"cobblemon:red_apricorn":2,"minecraft:string":2,"minecraft:dirt":3,"minecraft:iron_axe":4,"cobblemon:white_apricorn":1,"minecraft:iron_leggings":4,"minecraft:iron_hoe":4,"minecraft:iron_shovel":4,"cobblemon:poke_ball":33,"cobblemon:white_apricorn_seed":1,"minecraft:iron_helmet":4,"minecraft:iron_ingot":32,"cobblemon:relic_coin":1,"minecraft:iron_pickaxe":4,"minecraft:melon_slice":2,"minecraft:chest":1,"minecraft:iron_sword":4,"minecraft:iron_boots":4,"minecraft:cobblestone":64,"minecraft:egg":1}},"DataVersion":3465}