{"stats":{"minecraft:killed_by":{"minecraft:skeleton":1},"minecraft:used":{"minecraft:moss_block":4,"minecraft:moss_carpet":1,"minecraft:iron_shovel":135,"minecraft:chest":20,"minecraft:stone":272,"minecraft:iron_sword":217,"minecraft:cooked_chicken":3,"minecraft:iron_chestplate":1,"minecraft:torch":13,"minecraft:dirt":19,"cobblemon:apricorn_stairs":12,"minecraft:cobblestone_wall":35,"minecraft:stone_stairs":118,"cobblemon:apricorn_trapdoor":4,"minecraft:iron_axe":59,"cobblemon:apricorn_door":2,"minecraft:iron_helmet":1,"cobblemon:apricorn_planks":45,"minecraft:iron_boots":1,"minecraft:smooth_basalt":1,"cobblemon:pc":2,"minecraft:furnace":3,"minecraft:cooked_beef":25,"minecraft:iron_leggings":1,"minecraft:cooked_mutton":3,"minecraft:water_bucket":15,"minecraft:cobblestone_stairs":12,"minecraft:stone_pickaxe":938,"minecraft:crafting_table":4,"minecraft:white_bed":1,"waystones:waystone":1,"minecraft:chicken":1,"minecraft:melon_slice":2,"minecraft:iron_pickaxe":285,"minecraft:stone_slab":16,"minecraft:cobblestone":438,"minecraft:cooked_porkchop":4,"minecraft:andesite":1,"minecraft:bucket":19,"minecraft:smooth_stone":78},"minecraft:dropped":{"minecraft:iron_ingot":32,"minecraft:iron_sword":1,"minecraft:wheat_seeds":3,"minecraft:cooked_beef":16,"minecraft:lilac":1,"minecraft:iron_helmet":1,"minecraft:cobblestone":65,"minecraft:leather":1,"minecraft:copper_ingot":64,"cobblemon:roseate_ball":8,"minecraft:stick":7,"minecraft:dirt":64,"cobblemon:apricorn_log":32,"cobblemon:poke_ball":33,"minecraft:iron_leggings":1,"minecraft:flowering_azalea":1,"minecraft:iron_axe":1,"minecraft:iron_pickaxe":1,"minecraft:iron_shovel":1,"minecraft:gold_ingot":2,"cobblemon:relic_coin":1,"minecraft:moss_carpet":1,"minecraft:cobbled_deepslate":28,"cobblemon:azure_ball":4,"minecraft:rotten_flesh":1,"cobblemon:nanab_berry":38,"minecraft:iron_boots":1,"minecraft:iron_hoe":1,"cobblemon:premier_ball":2,"minecraft:white_bed":1,"minecraft:iron_chestplate":1,"minecraft:andesite":1,"minecraft:azalea":1,"minecraft:oak_sapling":1,"minecraft:bow":2},"minecraft:custom":{"minecraft:mob_kills":69,"minecraft:interact_with_crafting_table":54,"minecraft:leave_game":3,"minecraft:time_since_death":221405,"minecraft:climb_one_cm":18516,"minecraft:sprint_one_cm":625945,"minecraft:walk_one_cm":746335,"minecraft:drop":53,"minecraft:talked_to_villager":1,"minecraft:play_time":281228,"minecraft:deaths":1,"minecraft:sneak_time":8523,"minecraft:walk_under_water_one_cm":16448,"minecraft:jump":3177,"minecraft:walk_on_water_one_cm":21459,"minecraft:total_world_time":281228,"minecraft:interact_with_furnace":60,"minecraft:sleep_in_bed":5,"minecraft:waystone_activated":2,"minecraft:time_since_rest":99637,"minecraft:damage_taken":2419,"minecraft:damage_dealt":9390,"minecraft:swim_one_cm":88782,"minecraft:fly_one_cm":582634,"minecraft:open_chest":206,"minecraft:crouch_one_cm":20247,"minecraft:fall_one_cm":97017},"minecraft:crafted":{"minecraft:oak_planks":168,"minecraft:smooth_stone":14,"cobblemon:apricorn_trapdoor":6,"cobblemon:apricorn_stairs":12,"minecraft:cooked_chicken":3,"cobblemon:apricorn_planks":128,"minecraft:cobblestone_stairs":20,"minecraft:stone":432,"minecraft:bone_meal":3,"cobblemon:premier_ball":4,"minecraft:cooked_mutton":2,"minecraft:stone_stairs":72,"travelersbackpack:white_sleeping_bag":1,"minecraft:bow":1,"minecraft:iron_axe":1,"minecraft:stone_pickaxe":8,"minecraft:cobblestone_wall":48,"minecraft:chest":17,"cobblemon:azure_ball":4,"cobblemon:citrine_ball":8,"minecraft:cooked_beef":2,"minecraft:cooked_porkchop":5,"minecraft:crafting_table":1,"travelersbackpack:backpack_tank":2,"cobblemon:verdant_ball":4,"travelersbackpack:standard":1,"minecraft:brush":1,"minecraft:iron_sword":1,"minecraft:bucket":1,"cobblemon:roseate_ball":8,"minecraft:air":0,"minecraft:jungle_planks":4,"cobblemon:apricorn_door":3,"minecraft:stick":40,"minecraft:stone_slab":18,"minecraft:iron_ingot":5,"minecraft:iron_pickaxe":1,"minecraft:iron_shovel":1,"minecraft:white_bed":1,"minecraft:torch":28},"minecraft:mined":{"minecraft:white_bed":1,"cobblemon:pc":2,"cobblemon:big_root":3,"minecraft:cave_vines_plant":2,"minecraft:grass_block":21,"minecraft:spruce_leaves":1,"minecraft:moss_block":3,"minecraft:magma_block":3,"minecraft:furnace":3,"cobblemon:apricorn_stairs":2,"minecraft:iron_ore":21,"minecraft:andesite":1,"cobblemon:medicinal_leek":13,"minecraft:cave_vines":1,"minecraft:vine":3,"minecraft:bamboo":3,"minecraft:azalea":1,"minecraft:stone":949,"cobblemon:water_stone_ore":1,"cobblemon:leaf_stone_ore":4,"cobblemon:apricorn_planks":5,"minecraft:crafting_table":3,"minecraft:torch":4,"minecraft:chest":3,"minecraft:stone_slab":4,"minecraft:copper_ore":8,"minecraft:cobblestone":115,"minecraft:sugar_cane":3,"minecraft:wall_torch":1,"minecraft:stone_stairs":48,"minecraft:lilac":1,"minecraft:birch_leaves":1,"minecraft:grass":23,"minecraft:oak_log":42,"minecraft:coal_ore":49,"minecraft:gravel":115,"minecraft:sand":2,"minecraft:dirt":8,"minecraft:smooth_basalt":1,"cobblemon:sun_stone_ore":1,"minecraft:oak_leaves":1,"minecraft:fern":6},"minecraft:broken":{"minecraft:stone_pickaxe":7,"minecraft:iron_pickaxe":1},"minecraft:picked_up":{"minecraft:crafting_table":3,"minecraft:iron_chestplate":4,"cobblemon:leaf_stone":4,"minecraft:chicken":9,"minecraft:stone_slab":8,"cobblemon:red_apricorn":6,"minecraft:lead":1,"minecraft:raw_copper":27,"cobblemon:wepear_berry":3,"minecraft:stone_stairs":47,"minecraft:string":5,"minecraft:moss_carpet":2,"minecraft:iron_axe":4,"cobblemon:white_apricorn":5,"minecraft:iron_leggings":4,"minecraft:iron_shovel":4,"minecraft:smooth_stone":64,"cobblemon:green_apricorn":5,"cobblemon:white_apricorn_seed":1,"minecraft:beef":10,"cobblemon:oran_berry":6,"cobblemon:relic_coin":1,"minecraft:azalea":1,"minecraft:iron_pickaxe":4,"cobblemon:big_root":3,"minecraft:melon_slice":2,"minecraft:sugar_cane":6,"minecraft:chest":4,"minecraft:furnace":3,"minecraft:iron_boots":4,"minecraft:egg":4,"minecraft:stick":7,"minecraft:raw_iron":21,"cobblemon:apricorn_log":128,"minecraft:stone":157,"cobblemon:pc":2,"minecraft:torch":6,"minecraft:porkchop":17,"cobblemon:nanab_berry":21,"minecraft:diorite":10,"cobblemon:citrine_ball":1,"cobblemon:apricorn_stairs":2,"minecraft:arrow":4,"minecraft:rotten_flesh":7,"minecraft:gold_ingot":3,"minecraft:glow_berries":1,"minecraft:mutton":9,"cobblemon:blue_apricorn":1,"minecraft:white_wool":16,"minecraft:cobblestone":1173,"minecraft:magma_block":2,"minecraft:cooked_beef":128,"minecraft:feather":12,"minecraft:lilac":1,"minecraft:andesite":4,"minecraft:leather":8,"cobblemon:pinap_berry":1,"cobblemon:roseate_ball":7,"minecraft:flint":7,"minecraft:oak_log":42,"minecraft:dirt":163,"cobblemon:pink_apricorn_seed":1,"minecraft:bone":1,"minecraft:bow":1,"minecraft:wheat_seeds":3,"minecraft:iron_ingot":36,"minecraft:bamboo":26,"minecraft:moss_block":4,"minecraft:honeycomb":1,"minecraft:iron_sword":4,"minecraft:flowering_azalea":1,"cobblemon:apricorn_planks":5,"cobblemon:sun_stone":1,"cobblemon:red_apricorn_seed":1,"minecraft:smooth_basalt":1,"minecraft:gravel":105,"cobblemon:pecha_berry":16,"cobblemon:premier_ball":4,"minecraft:sand":2,"cobblemon:persim_berry":19,"cobblemon:pink_apricorn":10,"minecraft:white_bed":1,"minecraft:iron_hoe":4,"minecraft:slime_ball":1,"cobblemon:poke_ball":36,"waystones:waystone":1,"minecraft:iron_helmet":4,"cobblemon:water_stone":1,"cobblemon:medicinal_leek":25,"minecraft:oak_sapling":1,"minecraft:coal":49},"minecraft:killed":{"minecraft:spider":4,"minecraft:skeleton":3,"minecraft:bee":2,"minecraft:chicken":10,"minecraft:drowned":1,"minecraft:pig":7,"cobblemon:pokemon":11,"minecraft:sheep":14,"minecraft:zombie":8,"minecraft:enderman":1,"minecraft:cow":7}},"DataVersion":3465}