{"stats":{"minecraft:mined":{"minecraft:grass":1,"minecraft:sugar_cane":2},"minecraft:custom":{"minecraft:jump":107,"minecraft:open_chest":1,"minecraft:time_since_rest":3306,"minecraft:leave_game":1,"minecraft:sprint_one_cm":12896,"minecraft:play_time":3306,"minecraft:walk_on_water_one_cm":281,"minecraft:time_since_death":3306,"minecraft:walk_one_cm":5308,"minecraft:total_world_time":3306,"minecraft:walk_under_water_one_cm":99,"minecraft:swim_one_cm":1376,"minecraft:fall_one_cm":4145,"minecraft:fly_one_cm":27604},"minecraft:picked_up":{"minecraft:sugar_cane":6,"minecraft:wheat_seeds":1,"cobblemon:blue_apricorn":2,"cobblemon:cheri_berry":11}},"DataVersion":3465}