{"stats":{"minecraft:mined":{"minecraft:tall_grass":1,"minecraft:grass":1,"minecraft:grass_block":1,"minecraft:sugar_cane":2},"minecraft:custom":{"minecraft:jump":125,"minecraft:open_chest":1,"minecraft:time_since_rest":4484,"minecraft:damage_taken":20,"minecraft:leave_game":2,"minecraft:sprint_one_cm":16836,"minecraft:play_time":4484,"minecraft:time_since_death":4484,"minecraft:walk_on_water_one_cm":281,"minecraft:walk_one_cm":11245,"minecraft:climb_one_cm":1500,"minecraft:total_world_time":4484,"minecraft:walk_under_water_one_cm":99,"minecraft:swim_one_cm":1376,"minecraft:fall_one_cm":4899,"minecraft:fly_one_cm":29620},"minecraft:picked_up":{"minecraft:sugar_cane":6,"minecraft:wheat_seeds":1,"minecraft:dirt":1}},"DataVersion":3465}