{"stats":{"minecraft:custom":{"minecraft:mob_kills":18,"minecraft:interact_with_crafting_table":44,"minecraft:leave_game":1,"minecraft:time_since_death":118684,"minecraft:climb_one_cm":11323,"minecraft:sprint_one_cm":288826,"minecraft:walk_one_cm":478007,"minecraft:drop":23,"minecraft:play_time":164340,"minecraft:deaths":1,"minecraft:sneak_time":2266,"minecraft:walk_under_water_one_cm":83,"minecraft:jump":1785,"minecraft:walk_on_water_one_cm":1409,"minecraft:total_world_time":164340,"minecraft:interact_with_furnace":62,"minecraft:sleep_in_bed":4,"minecraft:time_since_rest":12407,"minecraft:damage_taken":1313,"minecraft:damage_dealt":2838,"minecraft:fly_one_cm":199888,"minecraft:open_chest":50,"minecraft:crouch_one_cm":3904,"minecraft:fall_one_cm":28066},"minecraft:dropped":{"minecraft:cobblestone":42,"cobblemon:oran_berry":5,"minecraft:gray_wool":1,"minecraft:mutton":8,"minecraft:golden_hoe":1,"minecraft:bucket":1,"minecraft:gravel":1,"cobblemon:azure_ball":7,"minecraft:wheat":7,"cobblemon:nanab_berry":6,"cobblemon:apricorn_planks":8,"minecraft:honey_block":2,"minecraft:spider_eye":1,"minecraft:wooden_pickaxe":2},"minecraft:crafted":{"minecraft:cobbled_deepslate_slab":90,"minecraft:oak_planks":100,"minecraft:smooth_stone":2,"minecraft:cooked_chicken":2,"cobblemon:apricorn_planks":20,"minecraft:furnace":4,"minecraft:stone":2,"minecraft:cobblestone_stairs":156,"minecraft:cooked_mutton":4,"minecraft:oak_trapdoor":4,"minecraft:melon_seeds":4,"minecraft:stone_pickaxe":8,"minecraft:chest":2,"cobblemon:azure_ball":16,"minecraft:stone_hoe":1,"minecraft:cooked_porkchop":1,"minecraft:crafting_table":3,"minecraft:wooden_pickaxe":1,"minecraft:copper_ingot":175,"minecraft:bucket":1,"minecraft:air":0,"minecraft:stick":44,"minecraft:iron_ingot":18,"minecraft:iron_pickaxe":2,"minecraft:stone_sword":1,"minecraft:torch":84},"minecraft:killed":{"minecraft:skeleton":4,"minecraft:chicken":1,"cobblemon:pokemon":1,"minecraft:creeper":2,"minecraft:sheep":2,"minecraft:zombie":5},"minecraft:killed_by":{"minecraft:creeper":1},"minecraft:used":{"minecraft:oak_trapdoor":4,"minecraft:stone_sword":12,"minecraft:decorated_pot":11,"minecraft:chest":2,"minecraft:stone_hoe":75,"minecraft:cooked_chicken":2,"minecraft:torch":49,"minecraft:dirt":53,"cobblemon:energy_root":1,"minecraft:melon_seeds":4,"minecraft:furnace":10,"minecraft:oak_sapling":3,"minecraft:cobbled_deepslate":121,"minecraft:wheat_seeds":25,"minecraft:cooked_mutton":4,"minecraft:water_bucket":1,"minecraft:cobblestone_stairs":146,"minecraft:stone_pickaxe":735,"minecraft:wooden_pickaxe":3,"minecraft:golden_hoe":40,"cobblemon:vivichoke_seeds":3,"minecraft:crafting_table":5,"minecraft:white_bed":2,"cobblemon:oran_berry":34,"minecraft:melon_slice":47,"minecraft:iron_pickaxe":475,"minecraft:cobblestone":29,"minecraft:cobbled_deepslate_slab":59,"minecraft:bucket":1,"cobblemon:blue_apricorn_seed":1},"minecraft:broken":{"minecraft:golden_hoe":1,"minecraft:stone_pickaxe":5,"minecraft:iron_pickaxe":2},"minecraft:mined":{"minecraft:tuff":4,"minecraft:white_bed":1,"minecraft:cobblestone_stairs":5,"cobblemon:big_root":4,"cobblemon:apricorn_log":5,"minecraft:granite":12,"minecraft:cobbled_deepslate_slab":2,"minecraft:grass_block":24,"minecraft:decorated_pot":15,"minecraft:furnace":5,"minecraft:fire":15,"minecraft:iron_ore":6,"minecraft:cobbled_deepslate":5,"minecraft:andesite":59,"cobblemon:vivichoke_seeds":1,"minecraft:vine":6,"minecraft:flowering_azalea_leaves":2,"minecraft:deepslate_iron_ore":10,"minecraft:stone":528,"cobblemon:leaf_stone_ore":1,"minecraft:crafting_table":2,"cobblemon:apricorn_leaves":43,"minecraft:torch":3,"minecraft:melon":6,"cobblemon:energy_root":1,"minecraft:copper_ore":50,"minecraft:cobblestone":5,"cobblemon:oran_berry":1,"minecraft:diorite":48,"cobblemon:relic_coin_pouch":2,"minecraft:wall_torch":11,"minecraft:wheat":8,"minecraft:grass":60,"minecraft:oak_log":25,"minecraft:coal_ore":129,"minecraft:dirt":63,"minecraft:gravel":12,"cobblemon:blue_apricorn_sapling":1,"minecraft:oak_leaves":36,"minecraft:deepslate":281,"minecraft:fern":15},"minecraft:picked_up":{"minecraft:crafting_table":2,"minecraft:wheat":14,"minecraft:chicken":3,"minecraft:wooden_pickaxe":3,"minecraft:raw_copper":220,"minecraft:smooth_stone":2,"minecraft:cobbled_deepslate":282,"minecraft:bucket":2,"cobblemon:oran_berry":191,"cobblemon:relic_coin":10,"minecraft:iron_pickaxe":1,"cobblemon:big_root":4,"minecraft:melon_slice":57,"minecraft:furnace":6,"minecraft:egg":2,"minecraft:stick":7,"minecraft:raw_iron":18,"cobblemon:silver_powder":1,"cobblemon:apricorn_log":5,"minecraft:copper_ingot":31,"minecraft:torch":20,"minecraft:porkchop":1,"cobblemon:nanab_berry":12,"minecraft:diorite":47,"minecraft:arrow":7,"minecraft:rotten_flesh":17,"minecraft:decorated_pot":19,"minecraft:golden_hoe":3,"minecraft:mutton":12,"cobblemon:blue_apricorn":18,"minecraft:cobblestone":643,"minecraft:feather":2,"minecraft:water_bucket":1,"minecraft:andesite":59,"cobblemon:razz_berry":1,"minecraft:tuff":4,"minecraft:oak_log":25,"minecraft:gunpowder":2,"minecraft:cobblestone_stairs":5,"minecraft:dirt":139,"minecraft:bone":6,"minecraft:apple":1,"minecraft:bow":2,"minecraft:wheat_seeds":51,"minecraft:cobbled_deepslate_slab":2,"minecraft:cooked_chicken":1,"minecraft:oak_planks":9,"cobblemon:azure_ball":23,"cobblemon:blue_apricorn_seed":1,"minecraft:gravel":12,"cobblemon:pecha_berry":21,"minecraft:jungle_planks":2,"cobblemon:vivichoke":2,"minecraft:white_bed":2,"minecraft:spider_eye":2,"minecraft:honey_block":2,"minecraft:granite":12,"minecraft:gray_wool":1,"minecraft:oak_sapling":5,"minecraft:coal":191,"cobblemon:energy_root":1}},"DataVersion":3465}