{"stats":{"minecraft:custom":{"minecraft:mob_kills":81,"minecraft:interact_with_crafting_table":37,"minecraft:time_since_death":194091,"minecraft:climb_one_cm":21828,"minecraft:sprint_one_cm":329417,"minecraft:walk_one_cm":477078,"minecraft:drop":17,"minecraft:talked_to_villager":1,"minecraft:play_time":194091,"minecraft:sneak_time":4670,"minecraft:walk_under_water_one_cm":20455,"minecraft:jump":2764,"minecraft:walk_on_water_one_cm":20478,"minecraft:total_world_time":194091,"minecraft:interact_with_furnace":179,"minecraft:sleep_in_bed":9,"minecraft:time_since_rest":10188,"minecraft:damage_taken":1934,"minecraft:damage_dealt":9607,"minecraft:swim_one_cm":15771,"minecraft:fly_one_cm":326548,"minecraft:open_chest":247,"minecraft:crouch_one_cm":12713,"minecraft:fall_one_cm":83883},"minecraft:crafted":{"minecraft:smooth_stone":66,"minecraft:stone_shovel":2,"minecraft:cooked_chicken":17,"cobblemon:apricorn_planks":40,"minecraft:furnace":3,"minecraft:stone":178,"minecraft:bone_meal":6,"cobblemon:premier_ball":4,"minecraft:cooked_mutton":28,"minecraft:glass":13,"minecraft:stone_pickaxe":2,"minecraft:chest":4,"cobblemon:azure_ball":8,"minecraft:cooked_beef":4,"minecraft:cooked_porkchop":10,"minecraft:crafting_table":1,"cobblemon:verdant_ball":4,"minecraft:wooden_pickaxe":1,"minecraft:iron_helmet":1,"minecraft:iron_sword":1,"cobblemon:pc":1,"minecraft:copper_ingot":247,"minecraft:bucket":1,"cobblemon:roseate_ball":4,"minecraft:stone_axe":1,"minecraft:air":0,"minecraft:jungle_planks":20,"minecraft:iron_chestplate":1,"minecraft:stick":24,"minecraft:iron_ingot":37,"minecraft:iron_pickaxe":1,"minecraft:stone_sword":1,"minecraft:iron_shovel":1,"minecraft:iron_leggings":1,"minecraft:white_bed":2,"minecraft:torch":4},"minecraft:dropped":{"minecraft:iron_ingot":1,"minecraft:feather":1,"minecraft:jungle_planks":1,"minecraft:dirt":23,"minecraft:melon_slice":22,"minecraft:golden_hoe":1,"minecraft:smooth_stone":5,"cobblemon:vivichoke":1,"minecraft:white_wool":3,"minecraft:honeycomb_block":3,"cobblemon:relic_coin":1,"minecraft:cooked_chicken":1,"minecraft:rotten_flesh":3,"cobblemon:premier_ball":4,"minecraft:white_bed":2,"minecraft:wooden_pickaxe":1},"minecraft:killed":{"minecraft:spider":6,"minecraft:skeleton":2,"minecraft:chicken":19,"minecraft:pig":4,"cobblemon:pokemon":18,"minecraft:sheep":17,"minecraft:zombie":13,"minecraft:cow":2},"minecraft:used":{"minecraft:stone_sword":165,"minecraft:iron_shovel":65,"minecraft:stone_shovel":272,"minecraft:chest":7,"minecraft:iron_sword":125,"minecraft:cooked_chicken":17,"minecraft:iron_chestplate":1,"minecraft:torch":37,"minecraft:dirt":172,"minecraft:golden_shovel":32,"minecraft:lava_bucket":6,"minecraft:iron_helmet":1,"cobblemon:pc":1,"minecraft:honeycomb_block":1,"minecraft:furnace":3,"minecraft:cooked_beef":4,"minecraft:iron_leggings":1,"minecraft:cooked_mutton":1,"minecraft:water_bucket":20,"minecraft:stone_pickaxe":270,"minecraft:wooden_pickaxe":3,"minecraft:crafting_table":2,"cobblemon:yellow_apricorn_seed":1,"minecraft:white_bed":1,"minecraft:chicken":1,"minecraft:melon_slice":54,"minecraft:iron_pickaxe":136,"minecraft:stone_axe":50,"minecraft:cobblestone":10,"minecraft:bucket":27,"minecraft:bone_meal":2,"cobblemon:blue_apricorn_seed":1},"minecraft:broken":{"minecraft:stone_sword":1,"minecraft:golden_shovel":1,"minecraft:stone_pickaxe":2,"minecraft:stone_shovel":2},"minecraft:mined":{"minecraft:jungle_leaves":7,"cobblemon:apricorn_log":10,"cobblemon:big_root":16,"minecraft:glow_lichen":5,"cobblemon:pink_apricorn":5,"minecraft:grass_block":214,"minecraft:jungle_log":14,"cobblemon:blue_apricorn":1,"minecraft:iron_ore":34,"minecraft:andesite":13,"minecraft:pumpkin":18,"minecraft:deepslate_lapis_ore":4,"minecraft:pointed_dripstone":1,"minecraft:vine":4,"minecraft:stone":105,"cobblemon:pecha_berry":1,"cobblemon:apricorn_leaves":5,"minecraft:crafting_table":1,"cobblemon:blue_mint":3,"minecraft:torch":15,"minecraft:honey_block":3,"minecraft:melon":15,"minecraft:chest":3,"cobblemon:energy_root":4,"minecraft:copper_ore":66,"minecraft:honeycomb_block":4,"minecraft:sugar_cane":1,"minecraft:diorite":3,"minecraft:wall_torch":15,"minecraft:deepslate_copper_ore":6,"minecraft:grass":62,"minecraft:coal_ore":126,"minecraft:cocoa":11,"minecraft:sand":26,"minecraft:dripstone_block":1,"minecraft:gravel":48,"minecraft:dirt":86,"minecraft:oak_leaves":4,"minecraft:deepslate":28,"minecraft:fern":18,"minecraft:suspicious_gravel":1},"minecraft:picked_up":{"minecraft:cocoa_beans":35,"minecraft:crafting_table":1,"minecraft:chicken":18,"cobblemon:yellow_apricorn":8,"cobblemon:blue_mint_leaf":6,"minecraft:string":6,"minecraft:raw_copper":247,"cobblemon:white_apricorn":5,"minecraft:smooth_stone":5,"minecraft:cobbled_deepslate":28,"cobblemon:green_apricorn":5,"minecraft:beef":4,"cobblemon:oran_berry":19,"cobblemon:relic_coin":1,"minecraft:iron_nugget":1,"cobblemon:big_root":16,"minecraft:melon_slice":76,"minecraft:sugar_cane":3,"minecraft:chest":3,"minecraft:egg":6,"minecraft:raw_iron":36,"cobblemon:apricorn_log":10,"minecraft:torch":33,"minecraft:porkchop":10,"cobblemon:nanab_berry":81,"minecraft:honeycomb_block":4,"minecraft:diorite":3,"cobblemon:blue_mint_seeds":5,"minecraft:rotten_flesh":10,"minecraft:mutton":28,"cobblemon:verdant_ball":2,"cobblemon:blue_apricorn":14,"cobblemon:tanga_berry":16,"minecraft:white_wool":15,"minecraft:cobblestone":103,"minecraft:feather":16,"minecraft:andesite":2,"minecraft:jungle_log":14,"minecraft:leather":2,"minecraft:brown_wool":1,"cobblemon:pinap_berry":1,"cobblemon:razz_berry":5,"cobblemon:roseate_ball":3,"minecraft:flint":5,"minecraft:lapis_lazuli":25,"minecraft:dirt":332,"minecraft:bone":2,"cobblemon:black_apricorn":3,"minecraft:wheat_seeds":8,"minecraft:iron_ingot":1,"minecraft:cooked_chicken":1,"minecraft:pumpkin":18,"minecraft:dripstone_block":1,"cobblemon:blue_apricorn_seed":2,"minecraft:gravel":41,"minecraft:sand":26,"cobblemon:yellow_apricorn_seed":2,"cobblemon:persim_berry":10,"cobblemon:pink_apricorn":7,"cobblemon:vivichoke":1,"minecraft:white_bed":1,"minecraft:spider_eye":3,"cobblemon:rindo_berry":10,"minecraft:melon_seeds":3,"minecraft:black_wool":1,"minecraft:coal":129,"cobblemon:energy_root":3}},"DataVersion":3465}