{"stats":{"minecraft:custom":{"minecraft:mob_kills":16,"minecraft:interact_with_crafting_table":38,"minecraft:leave_game":1,"minecraft:time_since_death":115229,"minecraft:climb_one_cm":32516,"minecraft:sprint_one_cm":214459,"minecraft:walk_one_cm":304796,"minecraft:drop":9,"minecraft:talked_to_villager":1,"minecraft:play_time":115229,"minecraft:sneak_time":2976,"minecraft:walk_under_water_one_cm":1452,"minecraft:jump":1330,"minecraft:walk_on_water_one_cm":3302,"minecraft:total_world_time":115229,"minecraft:interact_with_furnace":38,"minecraft:sleep_in_bed":9,"minecraft:time_since_rest":10188,"minecraft:damage_taken":620,"minecraft:damage_dealt":2270,"minecraft:swim_one_cm":3654,"minecraft:fly_one_cm":187216,"minecraft:open_chest":29,"minecraft:crouch_one_cm":6585,"minecraft:fall_one_cm":26773},"minecraft:dropped":{"minecraft:dirt":3,"minecraft:iron_axe":1,"minecraft:stone_sword":1,"cobblemon:big_root":1,"minecraft:cocoa_beans":6,"minecraft:honey_block":1,"minecraft:mossy_stone_bricks":1,"minecraft:oak_sapling":1,"minecraft:stone_pickaxe":1},"minecraft:crafted":{"cobblemon:apricorn_planks":80,"minecraft:furnace":2,"minecraft:bone_meal":15,"minecraft:iron_axe":2,"minecraft:ladder":3,"cobblemon:apricorn_slab":24,"minecraft:stone_pickaxe":1,"minecraft:chest":4,"cobblemon:azure_ball":8,"minecraft:cooked_beef":3,"minecraft:cooked_porkchop":10,"minecraft:crafting_table":1,"minecraft:wooden_pickaxe":1,"minecraft:iron_sword":1,"minecraft:copper_ingot":89,"minecraft:birch_planks":20,"minecraft:air":0,"minecraft:jungle_planks":40,"minecraft:stick":12,"minecraft:iron_ingot":16,"minecraft:iron_pickaxe":1,"minecraft:stone_sword":1,"minecraft:white_bed":1,"minecraft:torch":4},"minecraft:killed":{"minecraft:spider":2,"minecraft:skeleton":2,"minecraft:pig":4,"minecraft:sheep":1,"minecraft:zombie":4,"minecraft:cow":3},"minecraft:used":{"minecraft:moss_block":11,"minecraft:stone_sword":41,"minecraft:ladder":3,"minecraft:chest":6,"minecraft:iron_sword":18,"minecraft:torch":6,"minecraft:iron_axe":272,"cobblemon:apricorn_planks":36,"minecraft:honeycomb_block":4,"minecraft:furnace":2,"minecraft:cooked_beef":3,"minecraft:mossy_stone_bricks":28,"minecraft:diorite":2,"minecraft:stone_pickaxe":130,"minecraft:wooden_pickaxe":14,"minecraft:crafting_table":8,"minecraft:white_bed":1,"cobblemon:apricorn_log":2,"cobblemon:apricorn_slab":20,"minecraft:iron_pickaxe":93,"minecraft:chiseled_stone_bricks":4,"minecraft:cobblestone":34,"minecraft:cooked_porkchop":8,"minecraft:bone_meal":15,"cobblemon:blue_apricorn_seed":3},"minecraft:broken":{"minecraft:iron_axe":1},"minecraft:mined":{"minecraft:jungle_slab":21,"minecraft:jungle_leaves":30,"cobblemon:big_root":1,"cobblemon:apricorn_log":35,"cobblemon:nanab_berry":1,"minecraft:grass_block":3,"minecraft:jungle_planks":24,"minecraft:jungle_log":15,"minecraft:moss_block":27,"minecraft:chiseled_stone_bricks":8,"cobblemon:blue_apricorn":1,"minecraft:furnace":2,"minecraft:iron_ore":17,"minecraft:fire":8,"cobblemon:medicinal_leek":3,"minecraft:vine":26,"minecraft:flowering_azalea_leaves":7,"minecraft:stone":68,"cobblemon:apricorn_slab":1,"minecraft:jungle_trapdoor":7,"cobblemon:apricorn_planks":7,"minecraft:crafting_table":7,"minecraft:torch":3,"cobblemon:apricorn_leaves":107,"minecraft:jungle_stairs":4,"minecraft:honey_block":2,"minecraft:chest":2,"cobblemon:energy_root":1,"minecraft:copper_ore":26,"minecraft:honeycomb_block":12,"minecraft:sugar_cane":5,"minecraft:diorite":2,"minecraft:cauldron":1,"minecraft:mossy_stone_brick_wall":18,"minecraft:birch_log":5,"minecraft:jungle_fence":8,"minecraft:grass":10,"minecraft:coal_ore":30,"minecraft:cocoa":2,"minecraft:dirt":2,"cobblemon:blue_apricorn_sapling":1,"minecraft:mossy_stone_bricks":28,"minecraft:oak_leaves":35,"minecraft:fern":3},"minecraft:picked_up":{"minecraft:cocoa_beans":6,"minecraft:crafting_table":7,"minecraft:ladder":1,"cobblemon:yellow_apricorn":12,"minecraft:lead":1,"minecraft:jungle_trapdoor":7,"minecraft:string":4,"minecraft:raw_copper":110,"minecraft:iron_axe":1,"minecraft:beef":5,"cobblemon:oran_berry":5,"minecraft:jungle_sapling":2,"cobblemon:big_root":3,"minecraft:sugar_cane":24,"minecraft:chest":2,"minecraft:furnace":2,"minecraft:stick":20,"minecraft:raw_iron":16,"cobblemon:apricorn_log":50,"minecraft:copper_ingot":65,"minecraft:torch":3,"minecraft:porkchop":10,"cobblemon:nanab_berry":50,"minecraft:honeycomb_block":12,"minecraft:diorite":2,"minecraft:cauldron":1,"minecraft:stone_sword":2,"minecraft:arrow":6,"minecraft:rotten_flesh":4,"minecraft:jungle_stairs":1,"minecraft:mutton":2,"cobblemon:blue_apricorn":14,"minecraft:white_wool":4,"minecraft:cobblestone":73,"minecraft:birch_log":5,"minecraft:jungle_log":22,"minecraft:leather":10,"minecraft:jungle_fence":7,"minecraft:dirt":6,"minecraft:bone":4,"minecraft:apple":1,"minecraft:wheat_seeds":2,"minecraft:iron_ingot":8,"minecraft:mossy_stone_bricks":29,"minecraft:mossy_stone_brick_wall":18,"minecraft:moss_block":25,"cobblemon:apricorn_planks":14,"cobblemon:chilan_berry":26,"cobblemon:azure_ball":10,"minecraft:cooked_porkchop":4,"minecraft:chiseled_stone_bricks":7,"cobblemon:blue_apricorn_seed":3,"cobblemon:premier_ball":4,"minecraft:jungle_planks":19,"cobblemon:persim_berry":18,"cobblemon:pink_apricorn":14,"minecraft:jungle_slab":21,"minecraft:honey_block":4,"cobblemon:medicinal_leek":14,"minecraft:oak_sapling":2,"cobblemon:energy_root":2,"minecraft:coal":56}},"DataVersion":3465}