{"stats":{"minecraft:custom":{"minecraft:jump":23,"minecraft:time_since_rest":20425,"minecraft:damage_dealt":14,"minecraft:crouch_one_cm":422,"minecraft:leave_game":2,"minecraft:sprint_one_cm":5243,"minecraft:play_time":20425,"minecraft:damage_taken":10,"minecraft:time_since_death":20425,"minecraft:walk_one_cm":20374,"minecraft:sneak_time":69,"minecraft:total_world_time":20425,"minecraft:fall_one_cm":478,"minecraft:fly_one_cm":2265},"minecraft:picked_up":{"minecraft:oak_sapling":1}},"DataVersion":3465}