{"stats":{"minecraft:used":{"minecraft:iron_shovel":66,"minecraft:poppy":1,"minecraft:ladder":3,"minecraft:decorated_pot":1,"minecraft:chest":14,"minecraft:iron_sword":214,"travelersbackpack:diamond":4,"minecraft:deepslate_tile_slab":12,"minecraft:big_dripleaf":1,"minecraft:grass_block":1,"cobblemon:apricorn_planks":3,"minecraft:mossy_cobblestone_slab":1,"minecraft:hay_block":4,"minecraft:furnace":6,"minecraft:egg":1,"cobblemon:blue_mint_seeds":7,"minecraft:oak_planks":2,"minecraft:polished_diorite_slab":206,"travelersbackpack:iron_golem":4,"cobblemon:pink_mint_seeds":5,"cobblemon:roasted_leek":10,"cobblemon:apricorn_boat":4,"minecraft:deepslate_tiles":128,"waystones:waystone":2,"cobblemon:green_apricorn_seed":1,"minecraft:bread":1,"minecraft:brown_wool":1,"cobblemon:medicinal_leek":7,"minecraft:bone_meal":6,"minecraft:torch":18,"minecraft:dirt":130,"minecraft:golden_shovel":1,"minecraft:iron_axe":6,"minecraft:muddy_mangrove_roots":1,"minecraft:rooted_dirt":3,"cobblemon:pink_apricorn_seed":1,"minecraft:deepslate_tile_stairs":16,"minecraft:cooked_beef":45,"minecraft:cobbled_deepslate":102,"minecraft:water_bucket":3,"minecraft:cobblestone_stairs":22,"minecraft:stonecutter":1,"minecraft:deepslate_bricks":1,"cobblemon:vivichoke_seeds":3,"minecraft:crafting_table":6,"cobblemon:black_apricorn_seed":2,"minecraft:deepslate_tile_wall":12,"minecraft:mud":1,"cobblemon:oran_berry":1,"minecraft:iron_pickaxe":1227,"minecraft:cobblestone":110,"travelersbackpack:standard":4,"minecraft:bucket":4,"minecraft:brush":43,"cobblemon:blue_apricorn_seed":1},"minecraft:dropped":{"minecraft:iron_sword":4,"minecraft:cooked_beef":128,"minecraft:decorated_pot":5,"cobblemon:persim_berry":23,"minecraft:music_disc_13":1,"minecraft:flint":2,"minecraft:dirt":17,"cobblemon:poke_ball":32,"minecraft:mutton":1,"minecraft:snowball":58,"minecraft:sugar":1,"minecraft:iron_pickaxe":4,"minecraft:white_wool":2,"cobblemon:red_mint_seeds":3,"minecraft:gold_ingot":3,"minecraft:bone":2,"minecraft:mangrove_roots":1,"minecraft:wheat":16,"minecraft:rotten_flesh":3,"minecraft:gunpowder":3,"minecraft:chest":2,"minecraft:glass":2,"minecraft:enchanted_book":1,"minecraft:iron_ingot":32,"minecraft:wheat_seeds":31,"minecraft:golden_helmet":1,"minecraft:iron_helmet":4,"minecraft:cobblestone":76,"minecraft:copper_ingot":1,"cobblemon:oran_berry":7,"minecraft:stick":2,"cobblemon:apricorn_log":128,"minecraft:diorite":12,"minecraft:melon_slice":2,"minecraft:iron_leggings":4,"minecraft:iron_axe":4,"minecraft:iron_shovel":4,"minecraft:string":1,"minecraft:raw_copper":16,"minecraft:light_gray_wool":2,"minecraft:clay_ball":1,"minecraft:iron_boots":5,"minecraft:iron_hoe":4,"cobblemon:apricorn_planks":7,"minecraft:iron_chestplate":4,"minecraft:andesite":2,"minecraft:golden_leggings":1,"minecraft:bamboo":2,"minecraft:bow":1,"minecraft:black_wool":1},"minecraft:custom":{"minecraft:interact_with_crafting_table":63,"minecraft:open_barrel":3,"minecraft:leave_game":3,"minecraft:time_since_death":256556,"minecraft:sprint_one_cm":953780,"minecraft:drop":139,"minecraft:talked_to_villager":2,"minecraft:play_time":357830,"minecraft:deaths":1,"minecraft:jump":6475,"minecraft:walk_on_water_one_cm":53100,"minecraft:interact_with_furnace":39,"minecraft:sleep_in_bed":3,"minecraft:waystone_activated":4,"minecraft:damage_dealt":11784,"minecraft:crouch_one_cm":7594,"minecraft:mob_kills":63,"minecraft:climb_one_cm":15414,"minecraft:walk_one_cm":912354,"minecraft:sneak_time":3803,"minecraft:walk_under_water_one_cm":60652,"minecraft:boat_one_cm":219356,"minecraft:total_world_time":357830,"minecraft:interact_with_stonecutter":6,"minecraft:time_since_rest":231956,"minecraft:damage_taken":2235,"minecraft:swim_one_cm":116253,"minecraft:fly_one_cm":1304741,"minecraft:open_chest":191,"minecraft:fall_one_cm":166035},"minecraft:crafted":{"cobblemon:lax_mint":1,"cobblemon:apricorn_planks":48,"minecraft:cobblestone_stairs":40,"minecraft:stone":3,"travelersbackpack:diamond":1,"minecraft:glass":14,"minecraft:chest":3,"minecraft:copper_block":15,"cobblemon:azure_ball":20,"minecraft:crafting_table":4,"travelersbackpack:standard":1,"minecraft:brush":1,"minecraft:copper_ingot":17,"travelersbackpack:blue_sleeping_bag":1,"minecraft:stick":16,"minecraft:iron_ingot":24,"minecraft:iron_pickaxe":4,"minecraft:iron_block":2,"minecraft:gold_ingot":42,"minecraft:deepslate_tile_slab":42,"cobblemon:apricorn_boat":3,"minecraft:bone_meal":6,"cobblemon:premier_ball":4,"minecraft:cooked_beef":35,"cobblemon:roasted_leek":19,"travelersbackpack:backpack_tank":2,"minecraft:bucket":1,"minecraft:air":0,"minecraft:blue_dye":2,"minecraft:white_wool":3,"minecraft:blue_wool":2,"minecraft:stonecutter":1,"minecraft:torch":8},"minecraft:mined":{"minecraft:white_bed":1,"minecraft:cobblestone_stairs":1,"minecraft:jungle_leaves":3,"cobblemon:big_root":10,"travelersbackpack:iron_golem":3,"minecraft:deepslate_tile_wall":6,"minecraft:grass_block":21,"minecraft:deepslate_bricks":1,"minecraft:deepslate_tile_stairs":4,"minecraft:spawner":1,"minecraft:mossy_cobblestone_slab":1,"minecraft:pumpkin":1,"minecraft:deepslate_lapis_ore":11,"cobblemon:medicinal_leek":29,"minecraft:pointed_dripstone":2,"cobblemon:vivichoke_seeds":2,"minecraft:dirt_path":2,"minecraft:azalea_leaves":1,"cobblemon:revival_herb":4,"minecraft:deepslate_tile_slab":3,"cobblemon:leaf_stone_ore":2,"minecraft:powder_snow":34,"cobblemon:apricorn_leaves":1,"minecraft:clay":5,"cobblemon:blue_mint":9,"minecraft:torch":3,"minecraft:chest":4,"minecraft:polished_diorite_slab":7,"minecraft:cobblestone":2,"minecraft:sugar_cane":8,"minecraft:wall_torch":10,"minecraft:deepslate_copper_ore":2,"travelersbackpack:diamond":3,"minecraft:seagrass":1,"minecraft:mud":1,"cobblemon:red_mint":3,"minecraft:wheat":5,"minecraft:light_gray_wool":1,"minecraft:grass":25,"minecraft:sand":26,"minecraft:dirt":21,"minecraft:oak_leaves":20,"minecraft:deepslate":261,"minecraft:suspicious_gravel":4,"minecraft:deepslate_tiles":38,"minecraft:tuff":15,"minecraft:mossy_cobblestone":1,"minecraft:dark_oak_leaves":19,"minecraft:deepslate_diamond_ore":6,"cobblemon:aspear_berry":1,"minecraft:mangrove_roots":1,"cobblemon:cheri_berry":1,"minecraft:ladder":1,"minecraft:decorated_pot":8,"cobblemon:chesto_berry":1,"minecraft:moss_block":2,"minecraft:spruce_leaves":9,"minecraft:rooted_dirt":3,"minecraft:mangrove_propagule":1,"minecraft:hay_block":32,"minecraft:furnace":6,"minecraft:snow":2,"cobblemon:pink_mint":8,"minecraft:andesite":2,"minecraft:big_dripleaf_stem":2,"minecraft:gold_block":2,"minecraft:deepslate_iron_ore":6,"minecraft:packed_ice":12,"minecraft:bamboo":40,"minecraft:stone":622,"minecraft:snow_block":14,"minecraft:crafting_table":2,"minecraft:tall_grass":1,"minecraft:deepslate_gold_ore":24,"minecraft:cracked_deepslate_bricks":1,"cobblemon:oran_berry":2,"minecraft:diorite":135,"cobblemon:relic_coin_pouch":3,"minecraft:big_dripleaf":2,"minecraft:birch_leaves":17,"minecraft:muddy_mangrove_roots":1,"minecraft:coal_ore":6,"minecraft:gravel":28,"minecraft:dripstone_block":1,"minecraft:cracked_stone_bricks":1,"minecraft:small_dripleaf":1,"minecraft:stone_bricks":1,"minecraft:fern":2},"minecraft:broken":{"minecraft:iron_sword":1,"minecraft:iron_pickaxe":5},"minecraft:picked_up":{"cobblemon:leaf_stone":2,"minecraft:iron_chestplate":1,"minecraft:wheat":21,"cobblemon:red_apricorn":3,"minecraft:enchanted_book":1,"minecraft:string":6,"minecraft:raw_copper":16,"travelersbackpack:diamond":3,"minecraft:iron_leggings":1,"minecraft:deepslate_tiles":38,"minecraft:cobbled_deepslate":292,"cobblemon:oran_berry":458,"minecraft:iron_pickaxe":3,"cobblemon:big_root":8,"minecraft:deepslate_tile_wall":6,"minecraft:melon_slice":2,"cobblemon:dome_sherd":3,"minecraft:iron_boots":1,"minecraft:furnace":6,"cobblemon:red_mint_leaf":2,"minecraft:stick":6,"minecraft:big_dripleaf":12,"minecraft:torch":16,"cobblemon:nanab_berry":30,"minecraft:pointed_dripstone":4,"minecraft:diorite":133,"minecraft:deepslate_tile_stairs":4,"minecraft:rotten_flesh":49,"minecraft:mangrove_roots":1,"minecraft:obsidian":2,"minecraft:snowball":58,"minecraft:cod":4,"minecraft:cobblestone":635,"travelersbackpack:iron_golem":3,"minecraft:mossy_cobblestone_slab":1,"minecraft:muddy_mangrove_roots":1,"minecraft:polished_diorite_slab":8,"minecraft:feather":1,"minecraft:cooked_beef":19,"minecraft:water_bucket":1,"minecraft:andesite":2,"minecraft:brown_wool":1,"minecraft:flint":2,"minecraft:tuff":15,"cobblemon:dragon_gem":2,"minecraft:lapis_lazuli":69,"minecraft:dirt":95,"minecraft:name_tag":1,"minecraft:glass":14,"minecraft:bone":9,"cobblemon:black_apricorn":8,"minecraft:bow":3,"cobblemon:roasted_leek":9,"minecraft:wheat_seeds":49,"minecraft:raw_gold":24,"minecraft:bamboo":324,"minecraft:moss_block":2,"minecraft:oak_planks":17,"cobblemon:apricorn_planks":7,"minecraft:music_disc_13":1,"cobblemon:fire_stone":1,"minecraft:sand":26,"cobblemon:persim_berry":69,"cobblemon:vivichoke":3,"minecraft:grass_block":1,"minecraft:mossy_cobblestone":2,"cobblemon:red_mint_seeds":6,"cobblemon:fairy_gem":1,"minecraft:sugar":1,"minecraft:diamond":7,"cobblemon:poke_ball":33,"waystones:waystone":2,"minecraft:emerald":3,"minecraft:rooted_dirt":3,"cobblemon:medicinal_leek":37,"cobblemon:chesto_berry":6,"cobblemon:energy_root":1,"minecraft:mud":1,"minecraft:crafting_table":2,"minecraft:chicken":1,"minecraft:ladder":3,"minecraft:clay_ball":12,"cobblemon:blue_mint_leaf":4,"minecraft:gold_block":2,"cobblemon:grass_gem":2,"cobblemon:revival_herb":13,"cobblemon:white_apricorn":4,"minecraft:iron_shovel":1,"minecraft:beef":55,"cobblemon:relic_coin":69,"minecraft:poppy":1,"cobblemon:tumblestone":5,"minecraft:light_gray_wool":2,"cobblemon:helix_sherd":1,"cobblemon:pep_up_flower":6,"minecraft:sugar_cane":20,"minecraft:birch_sapling":1,"minecraft:chest":5,"minecraft:dark_oak_sapling":1,"minecraft:raw_iron":6,"minecraft:copper_ingot":8,"cobblemon:vivichoke_seeds":5,"cobblemon:blue_mint_seeds":13,"minecraft:arrow":9,"minecraft:decorated_pot":6,"cobblemon:pink_mint_leaf":2,"minecraft:deepslate_bricks":1,"minecraft:hay_block":32,"minecraft:gold_ingot":8,"minecraft:mutton":3,"cobblemon:blue_apricorn":21,"minecraft:white_wool":2,"minecraft:leather":33,"cobblemon:apricorn_boat":2,"minecraft:gunpowder":5,"minecraft:cobblestone_stairs":1,"minecraft:deepslate_tile_slab":4,"minecraft:wild_armor_trim_smithing_template":2,"cobblemon:pink_mint_seeds":9,"minecraft:iron_ingot":3,"minecraft:iron_sword":1,"cobblemon:azure_ball":1,"minecraft:pumpkin":1,"cobblemon:black_apricorn_seed":1,"minecraft:dandelion":1,"minecraft:gravel":25,"minecraft:dripstone_block":1,"cobblemon:twisted_spoon":2,"cobblemon:pink_apricorn":5,"minecraft:white_bed":1,"minecraft:spider_eye":2,"minecraft:slime_ball":2,"minecraft:iron_helmet":1,"minecraft:black_wool":1,"minecraft:coal":120},"minecraft:killed":{"minecraft:witch":1,"minecraft:spider":4,"minecraft:skeleton":4,"minecraft:creeper":4,"minecraft:sheep":1,"minecraft:zombie":13,"minecraft:cow":18,"minecraft:horse":3,"cobblemon:pokemon":10,"minecraft:wandering_trader":1,"minecraft:polar_bear":4}},"DataVersion":3465}