{"stats":{"minecraft:custom":{"minecraft:jump":76,"minecraft:time_since_rest":5937,"minecraft:damage_taken":80,"minecraft:damage_dealt":50,"minecraft:crouch_one_cm":349,"minecraft:leave_game":2,"minecraft:sprint_one_cm":9753,"minecraft:play_time":5937,"minecraft:time_since_death":5937,"minecraft:walk_on_water_one_cm":801,"minecraft:walk_one_cm":6873,"minecraft:sneak_time":45,"minecraft:total_world_time":5937,"minecraft:walk_under_water_one_cm":180,"minecraft:swim_one_cm":1952,"minecraft:fall_one_cm":2629,"minecraft:fly_one_cm":10207}},"DataVersion":3465}