{"stats":{"minecraft:used":{"cobblemon:green_apricorn_seed":1,"cobblemon:oran_berry":1,"minecraft:grass_block":1,"minecraft:chest":8,"cobblemon:pink_apricorn_seed":1,"minecraft:dirt":101,"cobblemon:black_apricorn_seed":2,"minecraft:cooked_beef":2,"cobblemon:blue_apricorn_seed":1},"minecraft:dropped":{"minecraft:iron_ingot":32,"minecraft:dirt":16,"minecraft:iron_sword":4,"cobblemon:apricorn_log":128,"minecraft:wheat_seeds":2,"minecraft:cooked_beef":128,"cobblemon:poke_ball":32,"minecraft:iron_chestplate":4,"minecraft:melon_slice":2,"minecraft:chest":2,"minecraft:cobblestone":64,"minecraft:iron_helmet":4,"minecraft:iron_leggings":4,"minecraft:iron_boots":5,"minecraft:iron_hoe":4,"minecraft:iron_axe":4,"minecraft:iron_pickaxe":4,"minecraft:iron_shovel":4},"minecraft:custom":{"minecraft:time_since_rest":19222,"minecraft:interact_with_furnace":4,"minecraft:sprint_one_cm":40514,"minecraft:damage_taken":150,"minecraft:walk_one_cm":54042,"minecraft:mob_kills":1,"minecraft:drop":68,"minecraft:damage_dealt":184,"minecraft:interact_with_crafting_table":1,"minecraft:fly_one_cm":49505,"minecraft:open_chest":41,"minecraft:play_time":19222,"minecraft:sneak_time":38,"minecraft:jump":297,"minecraft:leave_game":1,"minecraft:time_since_death":19222,"minecraft:climb_one_cm":2284,"minecraft:total_world_time":19222,"minecraft:fall_one_cm":8618},"minecraft:mined":{"minecraft:jungle_leaves":2,"minecraft:grass":10,"minecraft:grass_block":3,"minecraft:dirt":1,"cobblemon:oran_berry":1,"minecraft:oak_leaves":2,"minecraft:fern":2},"minecraft:killed":{"minecraft:zombie":1},"minecraft:picked_up":{"minecraft:stick":1,"minecraft:torch":2,"cobblemon:vivichoke":1,"minecraft:dirt":31,"minecraft:wheat_seeds":2,"minecraft:cobbled_deepslate":29,"cobblemon:oran_berry":110,"minecraft:melon_slice":2,"minecraft:chest":1}},"DataVersion":3465}