{"stats":{"minecraft:crafted":{"minecraft:smooth_stone":2,"cobblemon:lax_mint":1,"minecraft:cooked_chicken":1,"cobblemon:apricorn_planks":132,"minecraft:cobblestone_stairs":40,"minecraft:stone":10,"travelersbackpack:diamond":1,"cobblemon:metal_coat":1,"minecraft:glass":119,"minecraft:hopper":1,"minecraft:chest":8,"minecraft:copper_block":15,"cobblemon:pasture":1,"cobblemon:azure_ball":20,"minecraft:stone_hoe":2,"minecraft:deepslate":7,"minecraft:crafting_table":5,"travelersbackpack:standard":1,"minecraft:brush":1,"minecraft:copper_ingot":26,"travelersbackpack:blue_sleeping_bag":1,"minecraft:book":10,"minecraft:paper":30,"cobblemon:healing_machine":1,"minecraft:diamond_pickaxe":2,"minecraft:shield":1,"minecraft:stick":73,"minecraft:iron_ingot":47,"minecraft:iron_pickaxe":10,"minecraft:iron_block":2,"minecraft:gold_ingot":43,"minecraft:shears":1,"minecraft:deepslate_tile_slab":42,"cobblemon:revive":1,"cobblemon:apricorn_boat":3,"minecraft:bone_meal":15,"cobblemon:premier_ball":4,"minecraft:flint_and_steel":1,"minecraft:iron_axe":1,"minecraft:iron_hoe":4,"minecraft:wheat":252,"minecraft:cooked_beef":45,"cobblemon:roasted_leek":19,"travelersbackpack:backpack_tank":2,"minecraft:iron_sword":2,"cobblemon:pc":1,"minecraft:bucket":3,"minecraft:bread":84,"minecraft:air":0,"minecraft:blue_dye":2,"minecraft:white_wool":3,"cobblemon:heal_powder":1,"minecraft:blue_wool":2,"minecraft:iron_shovel":3,"minecraft:stonecutter":1,"minecraft:torch":132,"minecraft:clay":152},"minecraft:used":{"minecraft:iron_shovel":849,"minecraft:ladder":3,"minecraft:poppy":1,"minecraft:chest":17,"minecraft:decorated_pot":1,"minecraft:shield":24,"cobblemon:red_mint_seeds":3,"minecraft:iron_sword":639,"travelersbackpack:diamond":10,"minecraft:deepslate_tile_slab":29,"minecraft:axolotl_bucket":16,"minecraft:obsidian":10,"minecraft:big_dripleaf":1,"minecraft:glass":113,"minecraft:grass_block":1,"cobblemon:apricorn_planks":3,"minecraft:mossy_cobblestone_slab":1,"minecraft:magma_block":9,"minecraft:hay_block":4,"minecraft:furnace":6,"minecraft:egg":1,"minecraft:potato":4,"minecraft:seagrass":52,"cobblemon:blue_mint_seeds":13,"minecraft:diorite":4,"minecraft:oak_planks":2,"minecraft:polished_diorite_slab":375,"travelersbackpack:iron_golem":4,"cobblemon:pink_mint_seeds":9,"minecraft:clay":152,"minecraft:sugar_cane":85,"cobblemon:roasted_leek":10,"minecraft:glow_berries":8,"cobblemon:apricorn_boat":6,"cobblemon:yellow_apricorn_seed":1,"minecraft:deepslate_tiles":220,"waystones:waystone":5,"cobblemon:green_apricorn_seed":1,"minecraft:bread":65,"minecraft:brown_wool":1,"minecraft:gravel":15,"cobblemon:medicinal_leek":7,"minecraft:andesite":7,"minecraft:bone_meal":11,"minecraft:flint_and_steel":1,"minecraft:stone_hoe":91,"minecraft:torch":136,"cobblemon:pasture":2,"minecraft:dirt":490,"minecraft:golden_shovel":1,"minecraft:granite":11,"minecraft:iron_hoe":867,"minecraft:iron_axe":6,"minecraft:muddy_mangrove_roots":1,"minecraft:rooted_dirt":3,"cobblemon:pink_apricorn_seed":2,"minecraft:bamboo":22,"minecraft:basalt":12,"travelersbackpack:ocelot":1,"minecraft:deepslate_tile_stairs":56,"minecraft:cooked_beef":62,"minecraft:cobbled_deepslate":104,"minecraft:wheat_seeds":12,"minecraft:water_bucket":45,"minecraft:cobblestone_stairs":22,"minecraft:stonecutter":1,"minecraft:deepslate_bricks":1,"minecraft:salmon":1,"cobblemon:vivichoke_seeds":3,"minecraft:crafting_table":8,"cobblemon:black_apricorn_seed":2,"cobblemon:white_apricorn_seed":2,"minecraft:cod":1,"cobblemon:healing_machine":1,"minecraft:deepslate_tile_wall":12,"minecraft:mud":1,"minecraft:diamond_pickaxe":2059,"cobblemon:oran_berry":1,"minecraft:iron_pickaxe":2479,"minecraft:fishing_rod":3,"minecraft:cobblestone":529,"travelersbackpack:standard":4,"minecraft:bucket":64,"minecraft:brush":51,"minecraft:kelp":44,"cobblemon:blue_apricorn_seed":1},"minecraft:picked_up":{"minecraft:seagrass":52,"minecraft:iron_chestplate":3,"cobblemon:leaf_stone":2,"minecraft:wheat":28,"cobblemon:red_apricorn":9,"minecraft:enchanted_book":1,"minecraft:amethyst_block":86,"minecraft:string":33,"minecraft:raw_copper":93,"travelersbackpack:diamond":5,"minecraft:explorer_pottery_sherd":2,"minecraft:iron_leggings":2,"minecraft:activator_rail":4,"minecraft:deepslate_tiles":74,"minecraft:cobbled_deepslate":632,"minecraft:bucket":2,"cobblemon:white_apricorn_seed":1,"cobblemon:oran_berry":513,"minecraft:calcite":130,"minecraft:azalea":3,"minecraft:iron_pickaxe":4,"cobblemon:big_root":8,"minecraft:deepslate_tile_wall":6,"minecraft:melon_slice":2,"cobblemon:dome_sherd":3,"minecraft:iron_boots":3,"cobblemon:red_mint_leaf":2,"minecraft:furnace":6,"minecraft:stick":15,"cobblemon:apricorn_log":10,"cobblemon:spell_tag":1,"minecraft:big_dripleaf":17,"minecraft:oak_fence":2,"minecraft:torch":100,"cobblemon:nanab_berry":30,"minecraft:pointed_dripstone":4,"minecraft:diorite":172,"minecraft:deepslate_tile_stairs":24,"minecraft:rotten_flesh":94,"minecraft:tropical_fish":1,"minecraft:mangrove_roots":1,"minecraft:obsidian":14,"cobblemon:verdant_ball":3,"minecraft:cod":6,"minecraft:snowball":58,"minecraft:cobblestone":3325,"travelersbackpack:iron_golem":4,"minecraft:magma_block":10,"minecraft:mossy_cobblestone_slab":1,"minecraft:muddy_mangrove_roots":1,"minecraft:polished_diorite_slab":86,"minecraft:feather":3,"minecraft:cooked_beef":26,"minecraft:magma_cream":1,"minecraft:andesite":19,"minecraft:water_bucket":1,"minecraft:jungle_log":1,"minecraft:brown_wool":1,"minecraft:potato":3,"cobblemon:roseate_ball":4,"minecraft:flint":14,"travelersbackpack:ocelot":2,"minecraft:tuff":42,"cobblemon:dragon_gem":2,"minecraft:lapis_lazuli":112,"minecraft:dirt":484,"minecraft:name_tag":1,"minecraft:glass":14,"minecraft:bone":40,"cobblemon:black_apricorn":12,"minecraft:bow":3,"cobblemon:roasted_leek":9,"minecraft:wheat_seeds":79,"minecraft:raw_gold":42,"minecraft:mossy_stone_bricks":2,"minecraft:bamboo":326,"minecraft:moss_block":13,"minecraft:stone_hoe":1,"minecraft:oak_planks":18,"cobblemon:apricorn_planks":7,"minecraft:ghast_tear":1,"minecraft:music_disc_13":1,"cobblemon:fire_stone":1,"minecraft:sand":219,"cobblemon:persim_berry":69,"cobblemon:vivichoke":3,"minecraft:grass_block":1,"minecraft:mossy_cobblestone":2,"minecraft:iron_hoe":1,"cobblemon:red_mint_seeds":6,"cobblemon:fairy_gem":1,"minecraft:sugar":1,"minecraft:clay":51,"minecraft:diamond":33,"cobblemon:poke_ball":33,"waystones:waystone":5,"minecraft:granite":15,"minecraft:bread":14,"minecraft:emerald":8,"minecraft:rooted_dirt":3,"cobblemon:medicinal_leek":37,"cobblemon:chesto_berry":6,"minecraft:netherrack":69,"cobblemon:energy_root":1,"minecraft:diamond_pickaxe":1,"minecraft:fishing_rod":1,"minecraft:mud":1,"minecraft:crafting_table":4,"minecraft:chicken":2,"minecraft:ladder":3,"minecraft:clay_ball":708,"minecraft:chest_minecart":3,"cobblemon:blue_mint_leaf":4,"minecraft:gold_block":2,"cobblemon:grass_gem":2,"minecraft:shield":1,"minecraft:moss_carpet":11,"cobblemon:revival_herb":17,"cobblemon:white_apricorn":8,"minecraft:iron_shovel":4,"cobblemon:roseli_berry":2,"minecraft:detector_rail":4,"minecraft:beef":59,"cobblemon:relic_coin":69,"minecraft:poppy":2,"minecraft:light_gray_wool":2,"cobblemon:helix_sherd":1,"cobblemon:pep_up_flower":8,"minecraft:sugar_cane":179,"cobblemon:tumblestone":5,"minecraft:chest":5,"minecraft:birch_sapling":1,"minecraft:dark_oak_sapling":1,"minecraft:raw_iron":88,"minecraft:copper_ingot":8,"cobblemon:vivichoke_seeds":5,"minecraft:redstone":43,"cobblemon:berry_juice":1,"cobblemon:razor_fang":1,"cobblemon:blue_mint_seeds":13,"minecraft:arrow":44,"minecraft:decorated_pot":6,"cobblemon:pink_mint_leaf":2,"minecraft:deepslate_bricks":1,"minecraft:hay_block":32,"minecraft:gold_ingot":8,"minecraft:glow_berries":4,"minecraft:mutton":3,"cobblemon:blue_apricorn":24,"minecraft:rail":28,"minecraft:white_wool":2,"minecraft:basalt":12,"minecraft:glow_ink_sac":3,"minecraft:salmon":1,"minecraft:leather":37,"cobblemon:apricorn_boat":4,"minecraft:gunpowder":14,"minecraft:cobblestone_stairs":1,"minecraft:deepslate_tile_slab":13,"minecraft:stone_bricks":1,"minecraft:kelp":97,"minecraft:wild_armor_trim_smithing_template":2,"minecraft:iron_ingot":23,"cobblemon:pink_mint_seeds":9,"minecraft:glass_bottle":1,"minecraft:iron_sword":3,"minecraft:flowering_azalea":1,"cobblemon:azure_ball":10,"minecraft:smooth_basalt":9,"minecraft:pumpkin":1,"cobblemon:payapa_berry":1,"minecraft:brush":1,"cobblemon:black_apricorn_seed":1,"minecraft:quartz":35,"minecraft:dandelion":1,"minecraft:dripstone_block":1,"cobblemon:twisted_spoon":2,"minecraft:gravel":108,"minecraft:amethyst_shard":20,"cobblemon:pink_apricorn":5,"minecraft:white_bed":1,"minecraft:spider_eye":12,"minecraft:slime_ball":2,"minecraft:iron_helmet":2,"cobblemon:pasture":1,"minecraft:melon_seeds":3,"minecraft:black_wool":1,"minecraft:coal":203,"minecraft:ender_pearl":1},"minecraft:custom":{"minecraft:interact_with_crafting_table":111,"minecraft:open_barrel":3,"minecraft:leave_game":10,"minecraft:time_since_death":70237,"minecraft:sprint_one_cm":1927648,"minecraft:damage_blocked_by_shield":1220,"minecraft:drop":193,"minecraft:talked_to_villager":2,"minecraft:play_time":800492,"minecraft:deaths":2,"minecraft:jump":10911,"minecraft:walk_on_water_one_cm":220492,"minecraft:interact_with_furnace":102,"minecraft:sleep_in_bed":8,"minecraft:waystone_activated":7,"minecraft:damage_dealt":33530,"minecraft:crouch_one_cm":48528,"minecraft:mob_kills":178,"minecraft:climb_one_cm":19085,"minecraft:walk_one_cm":2260681,"minecraft:sneak_time":26078,"minecraft:walk_under_water_one_cm":196646,"minecraft:boat_one_cm":325863,"minecraft:total_world_time":800492,"minecraft:interact_with_stonecutter":12,"minecraft:time_since_rest":17510,"minecraft:damage_taken":5663,"minecraft:swim_one_cm":378129,"minecraft:fly_one_cm":1902478,"minecraft:open_chest":476,"minecraft:fish_caught":3,"minecraft:fall_one_cm":227398},"minecraft:broken":{"minecraft:iron_shovel":3,"minecraft:iron_boots":1,"minecraft:diamond_pickaxe":1,"minecraft:iron_sword":2,"minecraft:iron_hoe":3,"minecraft:iron_pickaxe":10,"minecraft:iron_helmet":1},"minecraft:killed":{"minecraft:witch":1,"minecraft:spider":20,"minecraft:skeleton":29,"minecraft:chicken":1,"minecraft:piglin":3,"minecraft:zombie_villager":1,"minecraft:creeper":11,"minecraft:sheep":1,"minecraft:zombie":56,"minecraft:cow":20,"minecraft:horse":3,"cobblemon:pokemon":24,"minecraft:wandering_trader":1,"minecraft:polar_bear":4,"minecraft:enderman":3},"minecraft:mined":{"cobblemon:pasture":1,"minecraft:white_bed":1,"minecraft:farmland":2,"minecraft:sculk_vein":82,"minecraft:cobblestone_stairs":1,"minecraft:jungle_leaves":3,"cobblemon:big_root":10,"cobblemon:apricorn_log":10,"minecraft:obsidian":12,"minecraft:granite":15,"minecraft:budding_amethyst":9,"travelersbackpack:iron_golem":3,"minecraft:deepslate_tile_wall":6,"minecraft:grass_block":147,"minecraft:deepslate_bricks":1,"minecraft:deepslate_tile_stairs":24,"travelersbackpack:ocelot":1,"minecraft:spawner":1,"minecraft:tall_seagrass":14,"minecraft:magma_block":11,"minecraft:mossy_cobblestone_slab":1,"minecraft:sculk_catalyst":3,"minecraft:iron_ore":31,"minecraft:fire":3,"minecraft:pumpkin":1,"minecraft:deepslate_lapis_ore":13,"cobblemon:medicinal_leek":29,"cobblemon:white_apricorn_sapling":1,"minecraft:pointed_dripstone":2,"cobblemon:vivichoke_seeds":2,"minecraft:dirt_path":2,"minecraft:azalea_leaves":1,"minecraft:azalea":1,"minecraft:deepslate_redstone_ore":10,"minecraft:amethyst_cluster":5,"minecraft:kelp_plant":25,"minecraft:soul_fire":5,"cobblemon:revival_herb":5,"minecraft:deepslate_tile_slab":9,"cobblemon:leaf_stone_ore":2,"minecraft:powder_snow":34,"minecraft:torch":10,"cobblemon:blue_mint":9,"minecraft:clay":151,"cobblemon:apricorn_leaves":33,"minecraft:calcite":135,"minecraft:chest":4,"minecraft:dead_bush":1,"minecraft:polished_diorite_slab":82,"minecraft:glass":4,"minecraft:nether_quartz_ore":35,"minecraft:cobblestone":57,"minecraft:sugar_cane":176,"minecraft:wall_torch":20,"minecraft:amethyst_block":87,"minecraft:deepslate_copper_ore":5,"travelersbackpack:diamond":4,"minecraft:seagrass":28,"minecraft:mud":1,"cobblemon:red_mint":3,"minecraft:wheat":16,"minecraft:light_gray_wool":1,"minecraft:grass":30,"minecraft:sand":219,"minecraft:dirt":292,"minecraft:smooth_basalt":10,"minecraft:netherrack":71,"minecraft:oak_leaves":20,"minecraft:deepslate":543,"minecraft:suspicious_gravel":5,"minecraft:deepslate_tiles":73,"minecraft:tuff":38,"minecraft:mossy_cobblestone":2,"minecraft:dark_oak_leaves":19,"minecraft:deepslate_diamond_ore":28,"cobblemon:aspear_berry":1,"minecraft:mangrove_roots":1,"cobblemon:cheri_berry":1,"minecraft:glow_lichen":1,"minecraft:ladder":1,"minecraft:decorated_pot":8,"cobblemon:chesto_berry":1,"minecraft:kelp":4,"minecraft:spruce_leaves":9,"minecraft:rooted_dirt":3,"minecraft:mangrove_propagule":1,"minecraft:moss_block":5,"minecraft:hay_block":32,"minecraft:furnace":6,"minecraft:snow":2,"cobblemon:pink_mint":8,"minecraft:andesite":20,"minecraft:big_dripleaf_stem":2,"minecraft:gold_block":2,"minecraft:potatoes":1,"minecraft:deepslate_iron_ore":51,"minecraft:vine":4,"minecraft:packed_ice":12,"minecraft:bamboo_sapling":2,"minecraft:bamboo":40,"minecraft:stone":2693,"minecraft:snow_block":14,"minecraft:basalt":12,"minecraft:crafting_table":4,"minecraft:sculk_sensor":4,"minecraft:copper_ore":22,"minecraft:tall_grass":3,"minecraft:deepslate_gold_ore":39,"minecraft:lapis_ore":3,"cobblemon:oran_berry":2,"minecraft:cracked_deepslate_bricks":1,"minecraft:sculk":799,"minecraft:big_dripleaf":3,"minecraft:diorite":172,"cobblemon:relic_coin_pouch":3,"minecraft:birch_leaves":18,"minecraft:muddy_mangrove_roots":1,"minecraft:coal_ore":89,"minecraft:gravel":117,"minecraft:dripstone_block":1,"minecraft:cobweb":13,"minecraft:cracked_stone_bricks":1,"minecraft:stone_bricks":2,"minecraft:small_dripleaf":3,"minecraft:mossy_stone_bricks":2,"minecraft:gold_ore":3,"minecraft:fern":2},"minecraft:dropped":{"minecraft:iron_sword":4,"minecraft:cooked_beef":139,"cobblemon:berry_juice":1,"minecraft:glass_bottle":1,"minecraft:decorated_pot":5,"cobblemon:persim_berry":23,"minecraft:chest_minecart":2,"cobblemon:verdant_ball":3,"minecraft:flint":2,"minecraft:music_disc_13":1,"minecraft:dirt":19,"cobblemon:poke_ball":32,"minecraft:mutton":1,"minecraft:snowball":58,"minecraft:sand":1,"minecraft:sugar":1,"minecraft:iron_pickaxe":6,"minecraft:white_wool":2,"cobblemon:red_mint_seeds":3,"minecraft:gold_ingot":3,"minecraft:bone":2,"minecraft:gravel":1,"minecraft:mangrove_roots":1,"minecraft:cobbled_deepslate":57,"minecraft:detector_rail":4,"minecraft:wheat":19,"minecraft:rotten_flesh":5,"minecraft:poppy":1,"minecraft:gunpowder":3,"travelersbackpack:iron_golem":1,"minecraft:chest":2,"minecraft:glass":2,"minecraft:bread":31,"minecraft:enchanted_book":1,"minecraft:iron_ingot":32,"minecraft:wheat_seeds":35,"minecraft:golden_helmet":1,"minecraft:iron_helmet":4,"minecraft:cobblestone":76,"minecraft:copper_ingot":1,"cobblemon:oran_berry":7,"minecraft:stick":2,"cobblemon:apricorn_log":128,"minecraft:diorite":13,"minecraft:melon_slice":2,"minecraft:iron_leggings":4,"minecraft:iron_axe":4,"minecraft:iron_shovel":4,"minecraft:string":2,"cobblemon:roseli_berry":1,"minecraft:raw_copper":16,"cobblemon:azure_ball":8,"minecraft:deepslate":7,"minecraft:light_gray_wool":2,"minecraft:clay_ball":1,"minecraft:iron_boots":5,"minecraft:iron_hoe":4,"cobblemon:apricorn_planks":7,"minecraft:big_dripleaf":1,"minecraft:stone":5,"minecraft:iron_chestplate":4,"minecraft:andesite":2,"minecraft:golden_leggings":1,"minecraft:bamboo":2,"minecraft:bow":1,"minecraft:magma_cream":1,"minecraft:black_wool":1}},"DataVersion":3465}