{"stats":{"minecraft:dropped":{"minecraft:iron_sword":4,"minecraft:cooked_beef":139,"minecraft:glass_bottle":1,"minecraft:decorated_pot":5,"cobblemon:persim_berry":23,"minecraft:chest_minecart":2,"cobblemon:verdant_ball":3,"minecraft:flint":2,"minecraft:music_disc_13":1,"minecraft:dirt":17,"cobblemon:poke_ball":32,"minecraft:mutton":1,"minecraft:snowball":58,"minecraft:sugar":1,"minecraft:iron_pickaxe":6,"minecraft:white_wool":2,"cobblemon:red_mint_seeds":3,"minecraft:gold_ingot":3,"minecraft:bone":2,"minecraft:mangrove_roots":1,"minecraft:cobbled_deepslate":57,"minecraft:detector_rail":4,"minecraft:wheat":16,"minecraft:rotten_flesh":3,"minecraft:gunpowder":3,"travelersbackpack:iron_golem":1,"minecraft:chest":2,"minecraft:glass":2,"minecraft:bread":31,"minecraft:enchanted_book":1,"minecraft:iron_ingot":32,"minecraft:wheat_seeds":35,"minecraft:golden_helmet":1,"minecraft:iron_helmet":4,"minecraft:cobblestone":76,"minecraft:copper_ingot":1,"cobblemon:oran_berry":7,"minecraft:stick":2,"cobblemon:apricorn_log":128,"minecraft:diorite":13,"minecraft:melon_slice":2,"minecraft:iron_leggings":4,"minecraft:iron_axe":4,"minecraft:iron_shovel":4,"minecraft:string":2,"cobblemon:roseli_berry":1,"minecraft:raw_copper":16,"cobblemon:azure_ball":8,"minecraft:deepslate":7,"minecraft:light_gray_wool":2,"minecraft:clay_ball":1,"minecraft:iron_boots":5,"minecraft:iron_hoe":4,"cobblemon:apricorn_planks":7,"minecraft:stone":5,"minecraft:iron_chestplate":4,"minecraft:andesite":2,"minecraft:golden_leggings":1,"minecraft:bamboo":2,"minecraft:bow":1,"minecraft:magma_cream":1,"minecraft:black_wool":1},"minecraft:used":{"minecraft:iron_shovel":441,"minecraft:ladder":3,"minecraft:poppy":1,"minecraft:decorated_pot":1,"minecraft:chest":17,"minecraft:shield":24,"minecraft:iron_sword":596,"travelersbackpack:diamond":8,"minecraft:deepslate_tile_slab":29,"minecraft:axolotl_bucket":5,"minecraft:obsidian":10,"minecraft:big_dripleaf":1,"minecraft:glass":8,"minecraft:grass_block":1,"cobblemon:apricorn_planks":3,"minecraft:mossy_cobblestone_slab":1,"minecraft:magma_block":2,"minecraft:hay_block":4,"minecraft:furnace":6,"minecraft:egg":1,"cobblemon:blue_mint_seeds":7,"minecraft:diorite":4,"minecraft:oak_planks":2,"minecraft:polished_diorite_slab":331,"travelersbackpack:iron_golem":4,"cobblemon:pink_mint_seeds":5,"cobblemon:roasted_leek":10,"minecraft:glow_berries":8,"cobblemon:apricorn_boat":4,"minecraft:deepslate_tiles":165,"waystones:waystone":5,"cobblemon:green_apricorn_seed":1,"minecraft:bread":36,"minecraft:brown_wool":1,"minecraft:gravel":1,"cobblemon:medicinal_leek":7,"minecraft:andesite":7,"minecraft:bone_meal":11,"minecraft:flint_and_steel":1,"minecraft:stone_hoe":91,"cobblemon:pasture":1,"minecraft:torch":110,"minecraft:dirt":484,"minecraft:granite":11,"minecraft:golden_shovel":1,"minecraft:iron_hoe":753,"minecraft:iron_axe":6,"minecraft:muddy_mangrove_roots":1,"minecraft:rooted_dirt":3,"cobblemon:pink_apricorn_seed":1,"minecraft:basalt":12,"minecraft:deepslate_tile_stairs":56,"minecraft:cooked_beef":56,"minecraft:cobbled_deepslate":104,"minecraft:wheat_seeds":9,"minecraft:water_bucket":32,"minecraft:cobblestone_stairs":22,"minecraft:stonecutter":1,"minecraft:deepslate_bricks":1,"cobblemon:vivichoke_seeds":3,"minecraft:crafting_table":8,"cobblemon:black_apricorn_seed":2,"cobblemon:healing_machine":1,"minecraft:deepslate_tile_wall":12,"minecraft:mud":1,"minecraft:diamond_pickaxe":716,"cobblemon:oran_berry":1,"minecraft:iron_pickaxe":2476,"minecraft:cobblestone":484,"travelersbackpack:standard":4,"minecraft:bucket":39,"minecraft:brush":44,"cobblemon:blue_apricorn_seed":1},"minecraft:crafted":{"minecraft:smooth_stone":2,"cobblemon:lax_mint":1,"minecraft:cooked_chicken":1,"cobblemon:apricorn_planks":132,"minecraft:cobblestone_stairs":40,"minecraft:stone":10,"travelersbackpack:diamond":1,"cobblemon:metal_coat":1,"minecraft:glass":14,"minecraft:hopper":1,"minecraft:chest":8,"minecraft:copper_block":15,"cobblemon:pasture":1,"cobblemon:azure_ball":20,"minecraft:stone_hoe":2,"minecraft:deepslate":7,"minecraft:crafting_table":5,"travelersbackpack:standard":1,"minecraft:brush":1,"minecraft:copper_ingot":26,"travelersbackpack:blue_sleeping_bag":1,"cobblemon:healing_machine":1,"minecraft:diamond_pickaxe":1,"minecraft:shield":1,"minecraft:stick":73,"minecraft:iron_ingot":47,"minecraft:iron_pickaxe":10,"minecraft:iron_block":2,"minecraft:gold_ingot":42,"minecraft:deepslate_tile_slab":42,"cobblemon:revive":1,"cobblemon:apricorn_boat":3,"minecraft:bone_meal":15,"cobblemon:premier_ball":4,"minecraft:flint_and_steel":1,"minecraft:iron_hoe":3,"minecraft:wheat":252,"minecraft:cooked_beef":45,"cobblemon:roasted_leek":19,"travelersbackpack:backpack_tank":2,"minecraft:iron_sword":2,"cobblemon:pc":1,"minecraft:bucket":1,"minecraft:bread":84,"minecraft:air":0,"minecraft:blue_dye":2,"minecraft:white_wool":3,"cobblemon:heal_powder":1,"minecraft:blue_wool":2,"minecraft:iron_shovel":3,"minecraft:stonecutter":1,"minecraft:torch":132},"minecraft:broken":{"minecraft:iron_shovel":1,"minecraft:iron_sword":2,"minecraft:iron_hoe":3,"minecraft:iron_pickaxe":9},"minecraft:picked_up":{"minecraft:iron_chestplate":2,"cobblemon:leaf_stone":2,"minecraft:wheat":25,"cobblemon:red_apricorn":9,"minecraft:enchanted_book":1,"minecraft:string":25,"minecraft:raw_copper":93,"travelersbackpack:diamond":4,"minecraft:iron_leggings":1,"minecraft:activator_rail":4,"minecraft:deepslate_tiles":54,"minecraft:cobbled_deepslate":401,"cobblemon:oran_berry":462,"minecraft:azalea":3,"minecraft:iron_pickaxe":4,"cobblemon:big_root":8,"minecraft:deepslate_tile_wall":6,"minecraft:melon_slice":2,"cobblemon:dome_sherd":3,"minecraft:iron_boots":2,"cobblemon:red_mint_leaf":2,"minecraft:furnace":6,"minecraft:stick":11,"cobblemon:apricorn_log":10,"cobblemon:spell_tag":1,"minecraft:big_dripleaf":12,"minecraft:oak_fence":2,"minecraft:torch":34,"cobblemon:nanab_berry":30,"minecraft:pointed_dripstone":4,"minecraft:diorite":171,"minecraft:deepslate_tile_stairs":24,"minecraft:rotten_flesh":87,"minecraft:tropical_fish":1,"minecraft:mangrove_roots":1,"cobblemon:verdant_ball":3,"minecraft:obsidian":14,"minecraft:cod":4,"minecraft:snowball":58,"minecraft:cobblestone":2221,"travelersbackpack:iron_golem":4,"minecraft:magma_block":2,"minecraft:mossy_cobblestone_slab":1,"minecraft:muddy_mangrove_roots":1,"minecraft:polished_diorite_slab":33,"minecraft:feather":3,"minecraft:cooked_beef":26,"minecraft:magma_cream":1,"minecraft:jungle_log":1,"minecraft:water_bucket":1,"minecraft:andesite":19,"minecraft:brown_wool":1,"cobblemon:roseate_ball":4,"travelersbackpack:ocelot":1,"minecraft:flint":5,"minecraft:tuff":20,"cobblemon:dragon_gem":2,"minecraft:lapis_lazuli":112,"minecraft:dirt":472,"minecraft:name_tag":1,"minecraft:glass":14,"minecraft:bone":38,"cobblemon:black_apricorn":12,"minecraft:bow":3,"cobblemon:roasted_leek":9,"minecraft:wheat_seeds":77,"minecraft:raw_gold":42,"minecraft:bamboo":324,"minecraft:moss_block":12,"minecraft:oak_planks":18,"cobblemon:apricorn_planks":7,"minecraft:ghast_tear":1,"minecraft:music_disc_13":1,"cobblemon:fire_stone":1,"minecraft:sand":26,"cobblemon:persim_berry":69,"cobblemon:vivichoke":3,"minecraft:grass_block":1,"minecraft:mossy_cobblestone":2,"minecraft:iron_hoe":1,"cobblemon:red_mint_seeds":6,"cobblemon:fairy_gem":1,"minecraft:sugar":1,"minecraft:clay":3,"minecraft:diamond":28,"cobblemon:poke_ball":33,"waystones:waystone":5,"minecraft:granite":12,"minecraft:emerald":4,"minecraft:rooted_dirt":3,"cobblemon:medicinal_leek":37,"cobblemon:chesto_berry":6,"minecraft:netherrack":69,"cobblemon:energy_root":1,"minecraft:mud":1,"minecraft:crafting_table":4,"minecraft:chicken":2,"minecraft:ladder":3,"minecraft:clay_ball":195,"minecraft:chest_minecart":3,"cobblemon:blue_mint_leaf":4,"minecraft:gold_block":2,"cobblemon:grass_gem":2,"minecraft:moss_carpet":11,"cobblemon:revival_herb":17,"cobblemon:white_apricorn":4,"minecraft:iron_shovel":1,"cobblemon:roseli_berry":2,"minecraft:detector_rail":4,"minecraft:beef":59,"cobblemon:relic_coin":69,"minecraft:poppy":1,"minecraft:light_gray_wool":2,"cobblemon:helix_sherd":1,"cobblemon:pep_up_flower":8,"minecraft:sugar_cane":20,"cobblemon:tumblestone":5,"minecraft:chest":5,"minecraft:birch_sapling":1,"minecraft:dark_oak_sapling":1,"minecraft:raw_iron":88,"minecraft:copper_ingot":8,"cobblemon:vivichoke_seeds":5,"cobblemon:razor_fang":1,"cobblemon:blue_mint_seeds":13,"minecraft:arrow":43,"minecraft:decorated_pot":6,"cobblemon:pink_mint_leaf":2,"minecraft:deepslate_bricks":1,"minecraft:hay_block":32,"minecraft:gold_ingot":8,"minecraft:glow_berries":4,"minecraft:mutton":3,"cobblemon:blue_apricorn":24,"minecraft:rail":28,"minecraft:white_wool":2,"minecraft:basalt":12,"minecraft:glow_ink_sac":3,"minecraft:leather":37,"cobblemon:apricorn_boat":2,"minecraft:gunpowder":12,"minecraft:cobblestone_stairs":1,"minecraft:deepslate_tile_slab":12,"minecraft:wild_armor_trim_smithing_template":2,"minecraft:iron_ingot":3,"cobblemon:pink_mint_seeds":9,"minecraft:flowering_azalea":1,"minecraft:glass_bottle":1,"minecraft:iron_sword":2,"cobblemon:azure_ball":10,"minecraft:pumpkin":1,"cobblemon:payapa_berry":1,"cobblemon:black_apricorn_seed":1,"minecraft:quartz":35,"minecraft:dandelion":1,"minecraft:dripstone_block":1,"cobblemon:twisted_spoon":2,"minecraft:gravel":41,"cobblemon:pink_apricorn":5,"minecraft:white_bed":1,"minecraft:spider_eye":7,"minecraft:slime_ball":2,"minecraft:iron_helmet":2,"cobblemon:pasture":1,"minecraft:melon_seeds":3,"minecraft:black_wool":1,"minecraft:coal":203,"minecraft:ender_pearl":1},"minecraft:mined":{"cobblemon:pasture":1,"minecraft:white_bed":1,"minecraft:sculk_vein":81,"minecraft:cobblestone_stairs":1,"minecraft:jungle_leaves":3,"cobblemon:apricorn_log":10,"cobblemon:big_root":10,"minecraft:obsidian":12,"minecraft:granite":12,"travelersbackpack:iron_golem":3,"minecraft:deepslate_tile_wall":6,"minecraft:grass_block":146,"minecraft:deepslate_bricks":1,"minecraft:deepslate_tile_stairs":24,"minecraft:spawner":1,"minecraft:magma_block":2,"minecraft:mossy_cobblestone_slab":1,"minecraft:sculk_catalyst":3,"minecraft:iron_ore":31,"minecraft:fire":3,"minecraft:pumpkin":1,"minecraft:deepslate_lapis_ore":13,"cobblemon:medicinal_leek":29,"minecraft:pointed_dripstone":2,"cobblemon:vivichoke_seeds":2,"minecraft:dirt_path":2,"minecraft:azalea_leaves":1,"minecraft:azalea":1,"cobblemon:revival_herb":5,"minecraft:soul_fire":5,"minecraft:deepslate_tile_slab":8,"cobblemon:leaf_stone_ore":2,"minecraft:powder_snow":34,"minecraft:torch":5,"cobblemon:blue_mint":9,"minecraft:clay":21,"cobblemon:apricorn_leaves":28,"minecraft:chest":4,"minecraft:dead_bush":1,"minecraft:polished_diorite_slab":31,"minecraft:nether_quartz_ore":35,"minecraft:cobblestone":25,"minecraft:sugar_cane":8,"minecraft:wall_torch":16,"minecraft:deepslate_copper_ore":5,"travelersbackpack:diamond":4,"minecraft:seagrass":1,"minecraft:mud":1,"cobblemon:red_mint":3,"minecraft:wheat":14,"minecraft:light_gray_wool":1,"minecraft:grass":30,"minecraft:sand":26,"minecraft:dirt":283,"minecraft:netherrack":71,"minecraft:oak_leaves":20,"minecraft:deepslate":310,"minecraft:suspicious_gravel":4,"minecraft:deepslate_tiles":54,"minecraft:tuff":16,"minecraft:mossy_cobblestone":1,"minecraft:dark_oak_leaves":19,"minecraft:deepslate_diamond_ore":23,"cobblemon:aspear_berry":1,"minecraft:mangrove_roots":1,"cobblemon:cheri_berry":1,"minecraft:glow_lichen":1,"minecraft:ladder":1,"minecraft:decorated_pot":8,"cobblemon:chesto_berry":1,"minecraft:spruce_leaves":9,"minecraft:rooted_dirt":3,"minecraft:mangrove_propagule":1,"minecraft:moss_block":4,"minecraft:hay_block":32,"minecraft:furnace":6,"minecraft:snow":2,"cobblemon:pink_mint":8,"minecraft:andesite":20,"minecraft:big_dripleaf_stem":2,"minecraft:gold_block":2,"minecraft:deepslate_iron_ore":51,"minecraft:vine":2,"minecraft:packed_ice":12,"minecraft:bamboo":40,"minecraft:stone":1996,"minecraft:snow_block":14,"minecraft:basalt":12,"minecraft:crafting_table":4,"minecraft:sculk_sensor":4,"minecraft:copper_ore":22,"minecraft:tall_grass":3,"minecraft:lapis_ore":3,"minecraft:deepslate_gold_ore":39,"cobblemon:oran_berry":2,"minecraft:cracked_deepslate_bricks":1,"minecraft:sculk":799,"minecraft:diorite":172,"minecraft:big_dripleaf":2,"cobblemon:relic_coin_pouch":3,"minecraft:birch_leaves":17,"minecraft:muddy_mangrove_roots":1,"minecraft:coal_ore":89,"minecraft:gravel":45,"minecraft:dripstone_block":1,"minecraft:cobweb":13,"minecraft:cracked_stone_bricks":1,"minecraft:stone_bricks":1,"minecraft:small_dripleaf":2,"minecraft:gold_ore":3,"minecraft:fern":2},"minecraft:custom":{"minecraft:interact_with_crafting_table":102,"minecraft:open_barrel":3,"minecraft:leave_game":9,"minecraft:time_since_death":558356,"minecraft:sprint_one_cm":1616176,"minecraft:damage_blocked_by_shield":1220,"minecraft:drop":181,"minecraft:talked_to_villager":2,"minecraft:play_time":659630,"minecraft:deaths":1,"minecraft:jump":9839,"minecraft:walk_on_water_one_cm":126301,"minecraft:interact_with_furnace":80,"minecraft:sleep_in_bed":5,"minecraft:waystone_activated":7,"minecraft:damage_dealt":30634,"minecraft:crouch_one_cm":42660,"minecraft:mob_kills":163,"minecraft:climb_one_cm":18779,"minecraft:walk_one_cm":1917256,"minecraft:sneak_time":13582,"minecraft:walk_under_water_one_cm":90904,"minecraft:boat_one_cm":219356,"minecraft:total_world_time":659630,"minecraft:interact_with_stonecutter":11,"minecraft:time_since_rest":40469,"minecraft:damage_taken":3904,"minecraft:swim_one_cm":173463,"minecraft:fly_one_cm":1739054,"minecraft:open_chest":412,"minecraft:fall_one_cm":221916},"minecraft:killed":{"minecraft:witch":1,"minecraft:spider":17,"minecraft:skeleton":28,"minecraft:chicken":1,"minecraft:piglin":3,"minecraft:zombie_villager":1,"minecraft:creeper":6,"minecraft:sheep":1,"minecraft:zombie":50,"minecraft:cow":20,"minecraft:horse":3,"cobblemon:pokemon":24,"minecraft:wandering_trader":1,"minecraft:polar_bear":4,"minecraft:enderman":3}},"DataVersion":3465}