{"stats":{"minecraft:custom":{"minecraft:jump":72,"minecraft:time_since_rest":3607,"minecraft:leave_game":1,"minecraft:walk_on_water_one_cm":801,"minecraft:damage_dealt":50,"minecraft:crouch_one_cm":349,"minecraft:sprint_one_cm":8444,"minecraft:play_time":3607,"minecraft:damage_taken":80,"minecraft:time_since_death":3607,"minecraft:walk_one_cm":6434,"minecraft:sneak_time":45,"minecraft:total_world_time":3607,"minecraft:walk_under_water_one_cm":180,"minecraft:swim_one_cm":1952,"minecraft:fall_one_cm":2629,"minecraft:fly_one_cm":9137},"minecraft:picked_up":{"cobblemon:white_apricorn":3}},"DataVersion":3465}