{"stats":{"minecraft:dropped":{"minecraft:moss_block":6,"minecraft:wheat_seeds":7,"cobblemon:red_apricorn_seed":1,"cobblemon:green_apricorn_seed":1,"minecraft:cobblestone":128,"minecraft:granite":1,"minecraft:activator_rail":4,"cobblemon:roseate_ball":8,"minecraft:red_mushroom":1,"minecraft:dirt":6,"minecraft:torch":2,"minecraft:jungle_sapling":3,"cobblemon:blue_apricorn_seed":2,"minecraft:white_wool":7,"minecraft:moss_carpet":2,"minecraft:wheat":1,"minecraft:rotten_flesh":4,"minecraft:big_dripleaf":3,"minecraft:spruce_planks":10,"minecraft:jungle_log":1,"minecraft:melon_seeds":3,"minecraft:andesite":4,"cobblemon:pink_apricorn_seed":8,"minecraft:azalea":2,"minecraft:bamboo":1,"minecraft:egg":1},"minecraft:used":{"minecraft:iron_shovel":148,"minecraft:chiseled_deepslate":1,"minecraft:iron_sword":157,"minecraft:cooked_chicken":1,"minecraft:rotten_flesh":2,"minecraft:mutton":8,"minecraft:iron_hoe":186,"minecraft:glass":117,"minecraft:iron_axe":186,"minecraft:jungle_log":90,"cobblemon:pc":1,"minecraft:bow":4,"minecraft:egg":4,"minecraft:cooked_beef":20,"minecraft:wheat_seeds":4,"minecraft:white_bed":18,"minecraft:oak_log":19,"waystones:waystone":1,"cobblemon:apricorn_log":35,"minecraft:dark_oak_log":31,"minecraft:chicken":2,"minecraft:bread":8,"minecraft:iron_pickaxe":335,"minecraft:deepslate":1,"minecraft:cobblestone":217,"minecraft:porkchop":30,"minecraft:cooked_porkchop":7,"minecraft:cooked_rabbit":1},"minecraft:crafted":{"minecraft:smooth_stone":3,"minecraft:cooked_chicken":1,"minecraft:stone":3,"minecraft:glass":144,"cobblemon:azure_ball":24,"minecraft:cooked_rabbit":1,"minecraft:cooked_porkchop":7,"cobblemon:verdant_ball":8,"cobblemon:pc":1,"cobblemon:roseate_ball":60,"minecraft:air":0,"cobblemon:poke_ball":4,"minecraft:chiseled_deepslate":59,"minecraft:iron_ingot":22},"minecraft:broken":{"minecraft:iron_pickaxe":1},"minecraft:picked_up":{"minecraft:chiseled_deepslate":1,"minecraft:iron_chestplate":1,"minecraft:wheat":1,"minecraft:chicken":3,"minecraft:clay_ball":73,"minecraft:chest_minecart":3,"cobblemon:red_apricorn":11,"minecraft:raw_copper":11,"minecraft:string":4,"minecraft:iron_axe":1,"minecraft:moss_carpet":2,"minecraft:iron_leggings":1,"minecraft:iron_shovel":1,"minecraft:activator_rail":4,"minecraft:gold_nugget":6,"minecraft:cobbled_deepslate":108,"cobblemon:green_apricorn":12,"minecraft:spruce_planks":10,"cobblemon:oran_berry":50,"cobblemon:relic_coin":125,"minecraft:jungle_sapling":3,"minecraft:azalea":2,"minecraft:iron_pickaxe":3,"cobblemon:green_apricorn_seed":1,"minecraft:iron_boots":1,"minecraft:egg":5,"minecraft:raw_iron":3,"minecraft:stick":1,"cobblemon:apricorn_log":35,"minecraft:big_dripleaf":6,"minecraft:copper_ingot":64,"minecraft:torch":3,"minecraft:porkchop":37,"cobblemon:nanab_berry":38,"minecraft:redstone":9,"minecraft:rotten_flesh":6,"minecraft:arrow":3,"minecraft:honey_bottle":3,"minecraft:tropical_fish":1,"cobblemon:black_augurite":1,"minecraft:mutton":8,"cobblemon:verdant_ball":6,"cobblemon:blue_apricorn":31,"minecraft:rail":25,"minecraft:white_wool":7,"minecraft:cobblestone":384,"travelersbackpack:iron_golem":1,"minecraft:feather":2,"minecraft:cooked_beef":27,"minecraft:magma_cream":1,"minecraft:jungle_log":91,"minecraft:andesite":10,"cobblemon:pinap_berry":1,"minecraft:red_mushroom":1,"cobblemon:razz_berry":45,"cobblemon:roseate_ball":22,"minecraft:flint":1,"minecraft:oak_log":19,"minecraft:dirt":15,"cobblemon:pink_apricorn_seed":8,"minecraft:bone":1,"minecraft:bow":1,"minecraft:wheat_seeds":11,"minecraft:iron_ingot":32,"minecraft:rabbit":1,"minecraft:bamboo":1,"minecraft:moss_block":6,"minecraft:iron_sword":1,"minecraft:honeycomb":1,"cobblemon:poison_barb":1,"cobblemon:red_apricorn_seed":1,"cobblemon:azure_ball":19,"cobblemon:blue_apricorn_seed":2,"cobblemon:premier_ball":2,"minecraft:sand":144,"cobblemon:pink_apricorn":62,"minecraft:white_bed":18,"minecraft:dark_oak_log":31,"minecraft:spider_eye":1,"minecraft:iron_hoe":1,"minecraft:deepslate":7,"minecraft:diamond":2,"cobblemon:poke_ball":36,"waystones:waystone":1,"minecraft:iron_helmet":1,"minecraft:granite":1,"minecraft:bone_meal":4,"cobblemon:rindo_berry":1,"minecraft:bread":31,"minecraft:emerald":1,"minecraft:netherrack":1,"minecraft:melon_seeds":3,"minecraft:coal":1},"minecraft:mined":{"minecraft:nether_gold_ore":1,"minecraft:white_bed":17,"minecraft:spruce_planks":5,"minecraft:dark_oak_leaves":1,"minecraft:deepslate_diamond_ore":3,"minecraft:sculk_vein":9,"minecraft:dark_oak_log":36,"cobblemon:apricorn_log":3,"minecraft:jungle_log":96,"minecraft:redstone_ore":2,"cobblemon:razz_berry":9,"minecraft:andesite":5,"minecraft:chiseled_deepslate":1,"minecraft:cave_vines":2,"minecraft:vine":26,"minecraft:stone":260,"minecraft:clay":4,"cobblemon:apricorn_leaves":4,"minecraft:copper_ore":2,"minecraft:cobblestone":2,"minecraft:sculk":171,"minecraft:grass":3,"minecraft:oak_log":20,"minecraft:sand":144,"minecraft:dirt":5,"minecraft:deepslate":51},"minecraft:custom":{"minecraft:mob_kills":32,"minecraft:interact_with_crafting_table":19,"minecraft:leave_game":3,"minecraft:time_since_death":76916,"minecraft:climb_one_cm":31471,"minecraft:sprint_one_cm":1515774,"minecraft:walk_one_cm":1340854,"minecraft:drop":44,"minecraft:talked_to_villager":1,"minecraft:play_time":484543,"minecraft:deaths":1,"minecraft:sneak_time":1095,"minecraft:walk_under_water_one_cm":124091,"minecraft:jump":5834,"minecraft:walk_on_water_one_cm":220834,"minecraft:total_world_time":484543,"minecraft:interact_with_furnace":52,"minecraft:interact_with_stonecutter":3,"minecraft:sleep_in_bed":26,"minecraft:time_since_rest":2782,"minecraft:waystone_activated":4,"minecraft:damage_taken":1978,"minecraft:damage_dealt":4212,"minecraft:swim_one_cm":22301,"minecraft:fly_one_cm":771831,"minecraft:open_chest":47,"minecraft:crouch_one_cm":4094,"minecraft:fall_one_cm":138300},"minecraft:killed":{"minecraft:zombified_piglin":1,"minecraft:spider":1,"minecraft:skeleton":2,"minecraft:axolotl":1,"minecraft:turtle":1,"minecraft:ocelot":1,"minecraft:pig":16,"cobblemon:pokemon":3,"minecraft:creeper":1,"minecraft:sheep":4}},"DataVersion":3465}