{"stats":{"minecraft:used":{"minecraft:iron_shovel":32,"minecraft:iron_sword":68,"minecraft:rotten_flesh":2,"minecraft:white_bed":13,"minecraft:oak_log":19,"minecraft:dark_oak_log":31,"cobblemon:apricorn_log":35,"minecraft:jungle_log":88,"minecraft:iron_axe":186,"minecraft:chicken":1,"minecraft:iron_pickaxe":1,"minecraft:bow":4,"minecraft:porkchop":7,"minecraft:egg":4,"minecraft:cooked_beef":16},"minecraft:dropped":{"minecraft:wheat_seeds":5,"minecraft:wheat":1,"cobblemon:green_apricorn_seed":1,"cobblemon:roseate_ball":8,"minecraft:dirt":6,"minecraft:spruce_planks":10,"cobblemon:pink_apricorn_seed":8,"minecraft:jungle_sapling":3,"minecraft:bamboo":1,"cobblemon:blue_apricorn_seed":2},"minecraft:custom":{"minecraft:interact_with_furnace":1,"minecraft:mob_kills":13,"minecraft:interact_with_crafting_table":11,"minecraft:leave_game":1,"minecraft:time_since_death":190184,"minecraft:sleep_in_bed":10,"minecraft:climb_one_cm":9776,"minecraft:time_since_rest":7964,"minecraft:sprint_one_cm":590095,"minecraft:damage_taken":783,"minecraft:walk_one_cm":614065,"minecraft:drop":22,"minecraft:damage_dealt":1601,"minecraft:swim_one_cm":8701,"minecraft:talked_to_villager":1,"minecraft:fly_one_cm":466934,"minecraft:open_chest":3,"minecraft:crouch_one_cm":87,"minecraft:play_time":190184,"minecraft:sneak_time":23,"minecraft:walk_under_water_one_cm":49670,"minecraft:jump":2997,"minecraft:walk_on_water_one_cm":60536,"minecraft:total_world_time":190184,"minecraft:fall_one_cm":81062},"minecraft:crafted":{"cobblemon:verdant_ball":8,"cobblemon:roseate_ball":44,"cobblemon:poke_ball":4,"cobblemon:azure_ball":24},"minecraft:mined":{"minecraft:spruce_planks":5,"minecraft:white_bed":12,"minecraft:dark_oak_log":36,"cobblemon:apricorn_log":3,"minecraft:jungle_log":96,"cobblemon:razz_berry":9,"minecraft:grass":2,"minecraft:oak_log":20,"minecraft:vine":23,"minecraft:sand":32},"minecraft:picked_up":{"minecraft:iron_chestplate":1,"minecraft:wheat":1,"minecraft:cooked_beef":16,"minecraft:chicken":1,"minecraft:jungle_log":91,"cobblemon:red_apricorn":9,"cobblemon:razz_berry":45,"cobblemon:roseate_ball":21,"minecraft:oak_log":19,"minecraft:dirt":6,"minecraft:string":2,"cobblemon:pink_apricorn_seed":8,"minecraft:iron_axe":1,"minecraft:iron_leggings":1,"minecraft:iron_shovel":1,"minecraft:bow":1,"minecraft:wheat_seeds":5,"cobblemon:green_apricorn":12,"minecraft:spruce_planks":10,"minecraft:iron_ingot":32,"cobblemon:oran_berry":50,"minecraft:jungle_sapling":3,"minecraft:iron_pickaxe":1,"minecraft:bamboo":1,"minecraft:honeycomb":1,"minecraft:iron_sword":1,"cobblemon:green_apricorn_seed":1,"cobblemon:poison_barb":1,"minecraft:iron_boots":1,"minecraft:egg":4,"cobblemon:azure_ball":9,"cobblemon:red_apricorn_seed":1,"minecraft:stick":1,"minecraft:raw_iron":1,"cobblemon:apricorn_log":35,"minecraft:copper_ingot":64,"minecraft:torch":1,"cobblemon:blue_apricorn_seed":2,"minecraft:sand":32,"cobblemon:nanab_berry":38,"cobblemon:premier_ball":2,"minecraft:porkchop":13,"cobblemon:pink_apricorn":59,"minecraft:white_bed":13,"minecraft:dark_oak_log":31,"minecraft:iron_hoe":1,"minecraft:honey_bottle":3,"minecraft:rotten_flesh":2,"cobblemon:poke_ball":36,"minecraft:iron_helmet":1,"cobblemon:blue_apricorn":28,"cobblemon:verdant_ball":3,"minecraft:white_wool":1,"minecraft:cobblestone":64},"minecraft:killed":{"minecraft:pig":5,"cobblemon:pokemon":3,"minecraft:creeper":1,"minecraft:sheep":1,"minecraft:turtle":1,"minecraft:ocelot":1}},"DataVersion":3465}