{
  "uuid": "c6861833-ae45-3950-8320-a07aae24b856",
  "starterPrompted": true,
  "starterLocked": false,
  "starterSelected": true,
  "starterUUID": "c9843a79-35f3-41cf-b629-0b7f350b16c7",
  "keyItems": [],
  "battleTheme": "cobblemon:battle.pvp.default",
  "extraData": {},
  "advancementData": {
    "totalCaptureCount": 8,
    "totalEggsHatched": 0,
    "totalEvolvedCount": 2,
    "totalBattleVictoryCount": 15,
    "totalPvPBattleVictoryCount": 1,
    "totalPvWBattleVictoryCount": 14,
    "totalPvNBattleVictoryCount": 0,
    "totalShinyCaptureCount": 0,
    "totalTradedCount": 0,
    "totalTypeCaptureCounts": {
      "normal": 2,
      "flying": 1,
      "electric": 1,
      "fire": 2,
      "ice": 2,
      "water": 1,
      "dragon": 1,
      "ghost": 1
    },
    "totalDefeatedCounts": {
      "cobblemon:ariados": 1,
      "cobblemon:gimmighoul": 2,
      "cobblemon:fomantis": 1,
      "cobblemon:corviknight": 1,
      "cobblemon:taillow": 1,
      "cobblemon:spinarak": 1,
      "cobblemon:ferroseed": 1,
      "cobblemon:zubat": 1
    },
    "aspectsCollected": {}
  }
}