{
  "uuid": "c6861833-ae45-3950-8320-a07aae24b856",
  "starterPrompted": true,
  "starterLocked": false,
  "starterSelected": true,
  "starterUUID": "c9843a79-35f3-41cf-b629-0b7f350b16c7",
  "keyItems": [],
  "battleTheme": "cobblemon:battle.pvp.default",
  "extraData": {},
  "advancementData": {
    "totalCaptureCount": 10,
    "totalEggsHatched": 0,
    "totalEvolvedCount": 4,
    "totalBattleVictoryCount": 40,
    "totalPvPBattleVictoryCount": 2,
    "totalPvWBattleVictoryCount": 38,
    "totalPvNBattleVictoryCount": 0,
    "totalShinyCaptureCount": 0,
    "totalTradedCount": 5,
    "totalTypeCaptureCounts": {
      "normal": 2,
      "flying": 1,
      "electric": 1,
      "fire": 2,
      "ice": 2,
      "water": 1,
      "dragon": 1,
      "ghost": 3,
      "poison": 2
    },
    "totalDefeatedCounts": {
      "cobblemon:ariados": 2,
      "cobblemon:gimmighoul": 2,
      "cobblemon:fomantis": 1,
      "cobblemon:corviknight": 1,
      "cobblemon:taillow": 1,
      "cobblemon:spinarak": 1,
      "cobblemon:ferroseed": 6,
      "cobblemon:zubat": 2,
      "cobblemon:dugtrio": 1,
      "cobblemon:gastly": 5,
      "cobblemon:paras": 1,
      "cobblemon:joltik": 1,
      "cobblemon:ninjask": 1,
      "cobblemon:boldore": 1,
      "cobblemon:klink": 1,
      "cobblemon:diglett": 1,
      "cobblemon:klang": 1,
      "cobblemon:rattata": 1,
      "cobblemon:sableye": 1
    },
    "aspectsCollected": {}
  }
}